[
{
    "fields": {
        "name": "Moderators",
        "permissions": [
            [
                "access_admin",
                "wagtailadmin",
                "admin"
            ],
            [
                "add_document",
                "wagtaildocs",
                "document"
            ],
            [
                "change_document",
                "wagtaildocs",
                "document"
            ],
            [
                "delete_document",
                "wagtaildocs",
                "document"
            ],
            [
                "add_image",
                "wagtailimages",
                "image"
            ],
            [
                "change_image",
                "wagtailimages",
                "image"
            ],
            [
                "delete_image",
                "wagtailimages",
                "image"
            ]
        ]
    },
    "model": "auth.group",
    "pk": 1
},
{
    "fields": {
        "name": "Editors",
        "permissions": [
            [
                "access_admin",
                "wagtailadmin",
                "admin"
            ],
            [
                "add_document",
                "wagtaildocs",
                "document"
            ],
            [
                "change_document",
                "wagtaildocs",
                "document"
            ],
            [
                "delete_document",
                "wagtaildocs",
                "document"
            ],
            [
                "add_image",
                "wagtailimages",
                "image"
            ],
            [
                "change_image",
                "wagtailimages",
                "image"
            ],
            [
                "delete_image",
                "wagtailimages",
                "image"
            ]
        ]
    },
    "model": "auth.group",
    "pk": 2
},
{
    "fields": {
        "username": "admin",
        "first_name": "",
        "last_name": "",
        "is_active": true,
        "is_superuser": true,
        "is_staff": true,
        "last_login": "2015-10-06T20:11:15.543Z",
        "groups": [],
        "user_permissions": [],
        "password": "pbkdf2_sha256$20000$0mONe5k0TcD6$loTuemM0V9LIOu2QLIywHJxUGS0k0kEPeC2bz41JWNw=",
        "email": "",
        "date_joined": "2015-10-06T17:19:52.073Z"
    },
    "model": "auth.user",
    "pk": 1
},
{
    "fields": {
        "root_page": 3,
        "hostname": "localhost",
        "port": 80,
        "is_default_site": true
    },
    "model": "wagtailcore.site",
    "pk": 2
},
{
    "fields": {
        "locked": false,
        "title": "Root",
        "numchild": 1,
        "show_in_menus": false,
        "live": true,
        "seo_title": "",
        "latest_revision_created_at": null,
        "depth": 1,
        "search_description": "",
        "content_type": [
            "wagtailcore",
            "page"
        ],
        "has_unpublished_changes": false,
        "owner": null,
        "path": "0001",
        "first_published_at": null,
        "url_path": "/",
        "expired": false,
        "slug": "root",
        "expire_at": null,
        "go_live_at": null
    },
    "model": "wagtailcore.page",
    "pk": 1
},
{
    "fields": {
        "locked": false,
        "title": "Vidra\u00e7aria Piratininga Ltda.",
        "numchild": 4,
        "show_in_menus": false,
        "live": true,
        "seo_title": "",
        "latest_revision_created_at": "2015-10-06T20:43:09.335Z",
        "depth": 2,
        "search_description": "",
        "content_type": [
            "core",
            "homepage"
        ],
        "has_unpublished_changes": false,
        "owner": [
            "admin"
        ],
        "path": "00010001",
        "first_published_at": "2015-10-06T20:13:12.503Z",
        "url_path": "/vidracaria-piratininga-ltda/",
        "expired": false,
        "slug": "vidracaria-piratininga-ltda",
        "expire_at": null,
        "go_live_at": null
    },
    "model": "wagtailcore.page",
    "pk": 3
},
{
    "fields": {
        "locked": false,
        "title": "Empresa",
        "numchild": 0,
        "show_in_menus": true,
        "live": true,
        "seo_title": "",
        "latest_revision_created_at": "2015-10-06T20:35:18.904Z",
        "depth": 3,
        "search_description": "",
        "content_type": [
            "core",
            "companyindexpage"
        ],
        "has_unpublished_changes": false,
        "owner": [
            "admin"
        ],
        "path": "000100010001",
        "first_published_at": "2015-10-06T20:35:18.926Z",
        "url_path": "/vidracaria-piratininga-ltda/empresa/",
        "expired": false,
        "slug": "empresa",
        "expire_at": null,
        "go_live_at": null
    },
    "model": "wagtailcore.page",
    "pk": 4
},
{
    "fields": {
        "locked": false,
        "title": "Produtos",
        "numchild": 0,
        "show_in_menus": true,
        "live": true,
        "seo_title": "",
        "latest_revision_created_at": "2015-10-06T20:35:33.030Z",
        "depth": 3,
        "search_description": "",
        "content_type": [
            "core",
            "productindexpage"
        ],
        "has_unpublished_changes": false,
        "owner": [
            "admin"
        ],
        "path": "000100010002",
        "first_published_at": "2015-10-06T20:35:33.048Z",
        "url_path": "/vidracaria-piratininga-ltda/produtos/",
        "expired": false,
        "slug": "produtos",
        "expire_at": null,
        "go_live_at": null
    },
    "model": "wagtailcore.page",
    "pk": 5
},
{
    "fields": {
        "locked": false,
        "title": "Trabalhos",
        "numchild": 0,
        "show_in_menus": true,
        "live": true,
        "seo_title": "",
        "latest_revision_created_at": "2015-10-06T20:35:48.909Z",
        "depth": 3,
        "search_description": "",
        "content_type": [
            "core",
            "workindexpage"
        ],
        "has_unpublished_changes": false,
        "owner": [
            "admin"
        ],
        "path": "000100010003",
        "first_published_at": "2015-10-06T20:35:48.926Z",
        "url_path": "/vidracaria-piratininga-ltda/trabalhos/",
        "expired": false,
        "slug": "trabalhos",
        "expire_at": null,
        "go_live_at": null
    },
    "model": "wagtailcore.page",
    "pk": 6
},
{
    "fields": {
        "locked": false,
        "title": "Contatos",
        "numchild": 0,
        "show_in_menus": true,
        "live": true,
        "seo_title": "",
        "latest_revision_created_at": "2015-10-06T20:36:06.258Z",
        "depth": 3,
        "search_description": "",
        "content_type": [
            "core",
            "contactpage"
        ],
        "has_unpublished_changes": false,
        "owner": [
            "admin"
        ],
        "path": "000100010004",
        "first_published_at": "2015-10-06T20:36:06.281Z",
        "url_path": "/vidracaria-piratininga-ltda/contatos/",
        "expired": false,
        "slug": "contatos",
        "expire_at": null,
        "go_live_at": null
    },
    "model": "wagtailcore.page",
    "pk": 7
},
{
    "fields": {
        "approved_go_live_at": null,
        "created_at": "2015-10-06T20:13:12.484Z",
        "submitted_for_moderation": false,
        "content_json": "{\"advert_placements\": [], \"carousel_items\": [], \"search_description\": \"\", \"owner\": 1, \"latest_revision_created_at\": null, \"go_live_at\": null, \"related_links\": [], \"title\": \"Vidra\\u00e7aria Piratininga Ltda.\", \"seo_title\": \"\", \"slug\": \"vidracaria-piratininga-ltda\", \"live\": true, \"has_unpublished_changes\": false, \"streamfield\": \"[]\", \"body\": \"\", \"numchild\": 0, \"content_type\": 29, \"show_in_menus\": false, \"path\": \"00010001\", \"url_path\": \"/vidracaria-piratininga-ltda/\", \"expired\": false, \"pk\": 3, \"locked\": false, \"depth\": 2, \"first_published_at\": null, \"expire_at\": null}",
        "user": [
            "admin"
        ],
        "page": 3
    },
    "model": "wagtailcore.pagerevision",
    "pk": 1
},
{
    "fields": {
        "approved_go_live_at": null,
        "created_at": "2015-10-06T20:35:18.904Z",
        "submitted_for_moderation": false,
        "content_json": "{\"advert_placements\": [], \"content_type\": 43, \"search_description\": \"\", \"owner\": 1, \"intro\": \"\", \"latest_revision_created_at\": null, \"go_live_at\": null, \"related_links\": [], \"title\": \"Empresa\", \"title_font_color\": \"#000000\", \"seo_title\": \"\", \"slug\": \"empresa\", \"live\": true, \"has_unpublished_changes\": false, \"numchild\": 0, \"show_title\": true, \"show_in_menus\": true, \"path\": \"000100010001\", \"url_path\": \"/vidracaria-piratininga-ltda/empresa/\", \"expired\": false, \"pk\": 4, \"locked\": false, \"depth\": 3, \"first_published_at\": null, \"title_image\": null, \"expire_at\": null}",
        "user": [
            "admin"
        ],
        "page": 4
    },
    "model": "wagtailcore.pagerevision",
    "pk": 2
},
{
    "fields": {
        "approved_go_live_at": null,
        "created_at": "2015-10-06T20:35:33.030Z",
        "submitted_for_moderation": false,
        "content_json": "{\"advert_placements\": [], \"content_type\": 31, \"search_description\": \"\", \"owner\": 1, \"intro\": \"\", \"latest_revision_created_at\": null, \"go_live_at\": null, \"feed_image\": null, \"related_links\": [], \"title\": \"Produtos\", \"title_font_color\": \"#000000\", \"seo_title\": \"\", \"slug\": \"produtos\", \"live\": true, \"has_unpublished_changes\": false, \"numchild\": 0, \"show_title\": true, \"show_in_menus\": true, \"path\": \"000100010002\", \"url_path\": \"/vidracaria-piratininga-ltda/produtos/\", \"expired\": false, \"pk\": 5, \"locked\": false, \"depth\": 3, \"first_published_at\": null, \"title_image\": null, \"expire_at\": null}",
        "user": [
            "admin"
        ],
        "page": 5
    },
    "model": "wagtailcore.pagerevision",
    "pk": 3
},
{
    "fields": {
        "approved_go_live_at": null,
        "created_at": "2015-10-06T20:35:48.909Z",
        "submitted_for_moderation": false,
        "content_json": "{\"advert_placements\": [], \"content_type\": 36, \"search_description\": \"\", \"owner\": 1, \"intro\": \"\", \"latest_revision_created_at\": null, \"go_live_at\": null, \"depth\": 3, \"related_links\": [], \"title\": \"Trabalhos\", \"seo_title\": \"\", \"slug\": \"trabalhos\", \"live\": true, \"has_unpublished_changes\": false, \"numchild\": 0, \"show_title\": true, \"show_in_menus\": true, \"path\": \"000100010003\", \"url_path\": \"/vidracaria-piratininga-ltda/trabalhos/\", \"expired\": false, \"pk\": 6, \"locked\": false, \"title_font_color\": \"#000000\", \"first_published_at\": null, \"title_image\": null, \"expire_at\": null}",
        "user": [
            "admin"
        ],
        "page": 6
    },
    "model": "wagtailcore.pagerevision",
    "pk": 4
},
{
    "fields": {
        "approved_go_live_at": null,
        "created_at": "2015-10-06T20:36:06.258Z",
        "submitted_for_moderation": false,
        "content_json": "{\"telephone_2\": \"\", \"telephone_3\": \"\", \"telephone_1\": \"\", \"advert_placements\": [], \"show_title\": true, \"address\": \"\", \"search_description\": \"\", \"owner\": 1, \"latest_revision_created_at\": null, \"go_live_at\": null, \"feed_image\": null, \"title\": \"Contatos\", \"title_font_color\": \"#000000\", \"seo_title\": \"\", \"slug\": \"contatos\", \"live\": true, \"has_unpublished_changes\": false, \"email\": \"\", \"body\": \"\", \"fax\": \"\", \"numchild\": 0, \"content_type\": 41, \"show_in_menus\": true, \"path\": \"000100010004\", \"url_path\": \"/vidracaria-piratininga-ltda/contatos/\", \"expired\": false, \"pk\": 7, \"locked\": false, \"depth\": 3, \"first_published_at\": null, \"title_image\": null, \"expire_at\": null}",
        "user": [
            "admin"
        ],
        "page": 7
    },
    "model": "wagtailcore.pagerevision",
    "pk": 5
},
{
    "fields": {
        "approved_go_live_at": null,
        "created_at": "2015-10-06T20:43:09.335Z",
        "submitted_for_moderation": false,
        "content_json": "{\"advert_placements\": [], \"carousel_items\": [{\"link_page\": null, \"image\": 101, \"link_external\": \"\", \"sort_order\": 0, \"link_document\": null, \"pk\": null, \"page\": 3}, {\"link_page\": null, \"image\": 19, \"link_external\": \"\", \"sort_order\": 1, \"link_document\": null, \"pk\": null, \"page\": 3}, {\"link_page\": null, \"image\": 4, \"link_external\": \"\", \"sort_order\": 2, \"link_document\": null, \"pk\": null, \"page\": 3}, {\"link_page\": null, \"image\": 1, \"link_external\": \"\", \"sort_order\": 3, \"link_document\": null, \"pk\": null, \"page\": 3}, {\"link_page\": null, \"image\": 100, \"link_external\": \"\", \"sort_order\": 4, \"link_document\": null, \"pk\": null, \"page\": 3}, {\"link_page\": null, \"image\": 11, \"link_external\": \"\", \"sort_order\": 5, \"link_document\": null, \"pk\": null, \"page\": 3}], \"search_description\": \"\", \"owner\": 1, \"latest_revision_created_at\": \"2015-10-06T20:13:12.484Z\", \"go_live_at\": null, \"related_links\": [], \"title\": \"Vidra\\u00e7aria Piratininga Ltda.\", \"seo_title\": \"\", \"slug\": \"vidracaria-piratininga-ltda\", \"live\": true, \"has_unpublished_changes\": false, \"streamfield\": \"[]\", \"body\": \"\", \"numchild\": 4, \"content_type\": 29, \"show_in_menus\": false, \"path\": \"00010001\", \"url_path\": \"/vidracaria-piratininga-ltda/\", \"expired\": false, \"pk\": 3, \"locked\": false, \"depth\": 2, \"first_published_at\": \"2015-10-06T20:13:12.503Z\", \"expire_at\": null}",
        "user": [
            "admin"
        ],
        "page": 3
    },
    "model": "wagtailcore.pagerevision",
    "pk": 6
},
{
    "fields": {
        "group": [
            "Moderators"
        ],
        "page": 1,
        "permission_type": "add"
    },
    "model": "wagtailcore.grouppagepermission",
    "pk": 1
},
{
    "fields": {
        "group": [
            "Moderators"
        ],
        "page": 1,
        "permission_type": "edit"
    },
    "model": "wagtailcore.grouppagepermission",
    "pk": 2
},
{
    "fields": {
        "group": [
            "Moderators"
        ],
        "page": 1,
        "permission_type": "publish"
    },
    "model": "wagtailcore.grouppagepermission",
    "pk": 3
},
{
    "fields": {
        "group": [
            "Editors"
        ],
        "page": 1,
        "permission_type": "add"
    },
    "model": "wagtailcore.grouppagepermission",
    "pk": 4
},
{
    "fields": {
        "group": [
            "Editors"
        ],
        "page": 1,
        "permission_type": "edit"
    },
    "model": "wagtailcore.grouppagepermission",
    "pk": 5
},
{
    "fields": {
        "group": [
            "Moderators"
        ],
        "page": 1,
        "permission_type": "lock"
    },
    "model": "wagtailcore.grouppagepermission",
    "pk": 6
},
{
    "fields": {
        "focal_point_width": null,
        "title": "VP_2015_07_1.JPG",
        "focal_point_height": null,
        "created_at": "2015-10-06T20:32:37.002Z",
        "focal_point_x": null,
        "focal_point_y": null,
        "height": 2032,
        "width": 3150,
        "file": "original_images/VP_2015_07_1.JPG",
        "file_size": 4793033,
        "uploaded_by_user": [
            "admin"
        ]
    },
    "model": "wagtailimages.image",
    "pk": 1
},
{
    "fields": {
        "focal_point_width": null,
        "title": "VP_2015_07_2.JPG",
        "focal_point_height": null,
        "created_at": "2015-10-06T20:32:37.941Z",
        "focal_point_x": null,
        "focal_point_y": null,
        "height": 2136,
        "width": 3216,
        "file": "original_images/VP_2015_07_2.JPG",
        "file_size": 4974797,
        "uploaded_by_user": [
            "admin"
        ]
    },
    "model": "wagtailimages.image",
    "pk": 2
},
{
    "fields": {
        "focal_point_width": null,
        "title": "VP_2015_07_3.JPG",
        "focal_point_height": null,
        "created_at": "2015-10-06T20:32:38.495Z",
        "focal_point_x": null,
        "focal_point_y": null,
        "height": 2102,
        "width": 3194,
        "file": "original_images/VP_2015_07_3.JPG",
        "file_size": 4383132,
        "uploaded_by_user": [
            "admin"
        ]
    },
    "model": "wagtailimages.image",
    "pk": 3
},
{
    "fields": {
        "focal_point_width": null,
        "title": "VP_2015_07_4.JPG",
        "focal_point_height": null,
        "created_at": "2015-10-06T20:32:38.939Z",
        "focal_point_x": null,
        "focal_point_y": null,
        "height": 2136,
        "width": 3216,
        "file": "original_images/VP_2015_07_4.JPG",
        "file_size": 3972759,
        "uploaded_by_user": [
            "admin"
        ]
    },
    "model": "wagtailimages.image",
    "pk": 4
},
{
    "fields": {
        "focal_point_width": null,
        "title": "VP_2015_07_5.JPG",
        "focal_point_height": null,
        "created_at": "2015-10-06T20:32:39.234Z",
        "focal_point_x": null,
        "focal_point_y": null,
        "height": 2064,
        "width": 3170,
        "file": "original_images/VP_2015_07_5.JPG",
        "file_size": 3069326,
        "uploaded_by_user": [
            "admin"
        ]
    },
    "model": "wagtailimages.image",
    "pk": 5
},
{
    "fields": {
        "focal_point_width": null,
        "title": "VP_2015_07_6.JPG",
        "focal_point_height": null,
        "created_at": "2015-10-06T20:32:39.558Z",
        "focal_point_x": null,
        "focal_point_y": null,
        "height": 2058,
        "width": 3166,
        "file": "original_images/VP_2015_07_6.JPG",
        "file_size": 2989143,
        "uploaded_by_user": [
            "admin"
        ]
    },
    "model": "wagtailimages.image",
    "pk": 6
},
{
    "fields": {
        "focal_point_width": null,
        "title": "VP_2015_07_7.JPG",
        "focal_point_height": null,
        "created_at": "2015-10-06T20:32:39.890Z",
        "focal_point_x": null,
        "focal_point_y": null,
        "height": 2064,
        "width": 3170,
        "file": "original_images/VP_2015_07_7.JPG",
        "file_size": 3140353,
        "uploaded_by_user": [
            "admin"
        ]
    },
    "model": "wagtailimages.image",
    "pk": 7
},
{
    "fields": {
        "focal_point_width": null,
        "title": "VP_2015_07_8.JPG",
        "focal_point_height": null,
        "created_at": "2015-10-06T20:32:40.231Z",
        "focal_point_x": null,
        "focal_point_y": null,
        "height": 2136,
        "width": 3216,
        "file": "original_images/VP_2015_07_8.JPG",
        "file_size": 3632278,
        "uploaded_by_user": [
            "admin"
        ]
    },
    "model": "wagtailimages.image",
    "pk": 8
},
{
    "fields": {
        "focal_point_width": null,
        "title": "VP_2015_07_9.JPG",
        "focal_point_height": null,
        "created_at": "2015-10-06T20:32:40.576Z",
        "focal_point_x": null,
        "focal_point_y": null,
        "height": 2136,
        "width": 3216,
        "file": "original_images/VP_2015_07_9.JPG",
        "file_size": 4728071,
        "uploaded_by_user": [
            "admin"
        ]
    },
    "model": "wagtailimages.image",
    "pk": 9
},
{
    "fields": {
        "focal_point_width": null,
        "title": "VP_2015_07_10.JPG",
        "focal_point_height": null,
        "created_at": "2015-10-06T20:32:40.969Z",
        "focal_point_x": null,
        "focal_point_y": null,
        "height": 2136,
        "width": 3216,
        "file": "original_images/VP_2015_07_10.JPG",
        "file_size": 3241516,
        "uploaded_by_user": [
            "admin"
        ]
    },
    "model": "wagtailimages.image",
    "pk": 10
},
{
    "fields": {
        "focal_point_width": null,
        "title": "VP_2015_07_11.JPG",
        "focal_point_height": null,
        "created_at": "2015-10-06T20:32:41.500Z",
        "focal_point_x": null,
        "focal_point_y": null,
        "height": 2136,
        "width": 3216,
        "file": "original_images/VP_2015_07_11.JPG",
        "file_size": 4085787,
        "uploaded_by_user": [
            "admin"
        ]
    },
    "model": "wagtailimages.image",
    "pk": 11
},
{
    "fields": {
        "focal_point_width": null,
        "title": "VP_2015_07_12.JPG",
        "focal_point_height": null,
        "created_at": "2015-10-06T20:32:41.821Z",
        "focal_point_x": null,
        "focal_point_y": null,
        "height": 2136,
        "width": 3216,
        "file": "original_images/VP_2015_07_12.JPG",
        "file_size": 3189880,
        "uploaded_by_user": [
            "admin"
        ]
    },
    "model": "wagtailimages.image",
    "pk": 12
},
{
    "fields": {
        "focal_point_width": null,
        "title": "VP_2015_07_13.JPG",
        "focal_point_height": null,
        "created_at": "2015-10-06T20:32:42.083Z",
        "focal_point_x": null,
        "focal_point_y": null,
        "height": 2136,
        "width": 3216,
        "file": "original_images/VP_2015_07_13.JPG",
        "file_size": 3236120,
        "uploaded_by_user": [
            "admin"
        ]
    },
    "model": "wagtailimages.image",
    "pk": 13
},
{
    "fields": {
        "focal_point_width": null,
        "title": "VP_2015_07_14.JPG",
        "focal_point_height": null,
        "created_at": "2015-10-06T20:32:42.453Z",
        "focal_point_x": null,
        "focal_point_y": null,
        "height": 2136,
        "width": 3216,
        "file": "original_images/VP_2015_07_14.JPG",
        "file_size": 3530915,
        "uploaded_by_user": [
            "admin"
        ]
    },
    "model": "wagtailimages.image",
    "pk": 14
},
{
    "fields": {
        "focal_point_width": null,
        "title": "VP_2015_07_15.JPG",
        "focal_point_height": null,
        "created_at": "2015-10-06T20:32:42.674Z",
        "focal_point_x": null,
        "focal_point_y": null,
        "height": 2136,
        "width": 3216,
        "file": "original_images/VP_2015_07_15.JPG",
        "file_size": 3157454,
        "uploaded_by_user": [
            "admin"
        ]
    },
    "model": "wagtailimages.image",
    "pk": 15
},
{
    "fields": {
        "focal_point_width": null,
        "title": "VP_2015_07_16.JPG",
        "focal_point_height": null,
        "created_at": "2015-10-06T20:32:42.981Z",
        "focal_point_x": null,
        "focal_point_y": null,
        "height": 2136,
        "width": 3216,
        "file": "original_images/VP_2015_07_16.JPG",
        "file_size": 3090579,
        "uploaded_by_user": [
            "admin"
        ]
    },
    "model": "wagtailimages.image",
    "pk": 16
},
{
    "fields": {
        "focal_point_width": null,
        "title": "VP_2015_07_17.JPG",
        "focal_point_height": null,
        "created_at": "2015-10-06T20:32:43.310Z",
        "focal_point_x": null,
        "focal_point_y": null,
        "height": 2040,
        "width": 3154,
        "file": "original_images/VP_2015_07_17.JPG",
        "file_size": 3124045,
        "uploaded_by_user": [
            "admin"
        ]
    },
    "model": "wagtailimages.image",
    "pk": 17
},
{
    "fields": {
        "focal_point_width": null,
        "title": "VP_2015_07_18.JPG",
        "focal_point_height": null,
        "created_at": "2015-10-06T20:32:43.542Z",
        "focal_point_x": null,
        "focal_point_y": null,
        "height": 2048,
        "width": 3160,
        "file": "original_images/VP_2015_07_18.JPG",
        "file_size": 3191984,
        "uploaded_by_user": [
            "admin"
        ]
    },
    "model": "wagtailimages.image",
    "pk": 18
},
{
    "fields": {
        "focal_point_width": null,
        "title": "VP_2015_07_19.JPG",
        "focal_point_height": null,
        "created_at": "2015-10-06T20:32:43.919Z",
        "focal_point_x": null,
        "focal_point_y": null,
        "height": 2136,
        "width": 3216,
        "file": "original_images/VP_2015_07_19.JPG",
        "file_size": 3542727,
        "uploaded_by_user": [
            "admin"
        ]
    },
    "model": "wagtailimages.image",
    "pk": 19
},
{
    "fields": {
        "focal_point_width": null,
        "title": "VP_2015_07_20.JPG",
        "focal_point_height": null,
        "created_at": "2015-10-06T20:32:44.301Z",
        "focal_point_x": null,
        "focal_point_y": null,
        "height": 2136,
        "width": 3216,
        "file": "original_images/VP_2015_07_20.JPG",
        "file_size": 3316237,
        "uploaded_by_user": [
            "admin"
        ]
    },
    "model": "wagtailimages.image",
    "pk": 20
},
{
    "fields": {
        "focal_point_width": null,
        "title": "VP_2015_07_21.JPG",
        "focal_point_height": null,
        "created_at": "2015-10-06T20:32:44.632Z",
        "focal_point_x": null,
        "focal_point_y": null,
        "height": 2136,
        "width": 3216,
        "file": "original_images/VP_2015_07_21.JPG",
        "file_size": 2784207,
        "uploaded_by_user": [
            "admin"
        ]
    },
    "model": "wagtailimages.image",
    "pk": 21
},
{
    "fields": {
        "focal_point_width": null,
        "title": "VP_2015_07_22.JPG",
        "focal_point_height": null,
        "created_at": "2015-10-06T20:32:44.990Z",
        "focal_point_x": null,
        "focal_point_y": null,
        "height": 2136,
        "width": 3216,
        "file": "original_images/VP_2015_07_22.JPG",
        "file_size": 2222434,
        "uploaded_by_user": [
            "admin"
        ]
    },
    "model": "wagtailimages.image",
    "pk": 22
},
{
    "fields": {
        "focal_point_width": null,
        "title": "VP_2015_07_23.jpg",
        "focal_point_height": null,
        "created_at": "2015-10-06T20:32:45.127Z",
        "focal_point_x": null,
        "focal_point_y": null,
        "height": 478,
        "width": 302,
        "file": "original_images/VP_2015_07_23.jpg",
        "file_size": 29653,
        "uploaded_by_user": [
            "admin"
        ]
    },
    "model": "wagtailimages.image",
    "pk": 23
},
{
    "fields": {
        "focal_point_width": null,
        "title": "VP_2015_07_24.jpg",
        "focal_point_height": null,
        "created_at": "2015-10-06T20:32:45.222Z",
        "focal_point_x": null,
        "focal_point_y": null,
        "height": 240,
        "width": 320,
        "file": "original_images/VP_2015_07_24.jpg",
        "file_size": 14717,
        "uploaded_by_user": [
            "admin"
        ]
    },
    "model": "wagtailimages.image",
    "pk": 24
},
{
    "fields": {
        "focal_point_width": null,
        "title": "VP_2015_07_25.jpg",
        "focal_point_height": null,
        "created_at": "2015-10-06T20:32:45.334Z",
        "focal_point_x": null,
        "focal_point_y": null,
        "height": 271,
        "width": 212,
        "file": "original_images/VP_2015_07_25.jpg",
        "file_size": 23519,
        "uploaded_by_user": [
            "admin"
        ]
    },
    "model": "wagtailimages.image",
    "pk": 25
},
{
    "fields": {
        "focal_point_width": null,
        "title": "VP_2015_07_26.jpg",
        "focal_point_height": null,
        "created_at": "2015-10-06T20:32:45.418Z",
        "focal_point_x": null,
        "focal_point_y": null,
        "height": 195,
        "width": 259,
        "file": "original_images/VP_2015_07_26.jpg",
        "file_size": 4511,
        "uploaded_by_user": [
            "admin"
        ]
    },
    "model": "wagtailimages.image",
    "pk": 26
},
{
    "fields": {
        "focal_point_width": null,
        "title": "VP_2015_07_27.jpg",
        "focal_point_height": null,
        "created_at": "2015-10-06T20:32:45.545Z",
        "focal_point_x": null,
        "focal_point_y": null,
        "height": 309,
        "width": 426,
        "file": "original_images/VP_2015_07_27.jpg",
        "file_size": 20520,
        "uploaded_by_user": [
            "admin"
        ]
    },
    "model": "wagtailimages.image",
    "pk": 27
},
{
    "fields": {
        "focal_point_width": null,
        "title": "VP_2015_07_28.jpg",
        "focal_point_height": null,
        "created_at": "2015-10-06T20:32:45.630Z",
        "focal_point_x": null,
        "focal_point_y": null,
        "height": 500,
        "width": 500,
        "file": "original_images/VP_2015_07_28.jpg",
        "file_size": 31944,
        "uploaded_by_user": [
            "admin"
        ]
    },
    "model": "wagtailimages.image",
    "pk": 28
},
{
    "fields": {
        "focal_point_width": null,
        "title": "VP_2015_07_29.jpg",
        "focal_point_height": null,
        "created_at": "2015-10-06T20:32:45.716Z",
        "focal_point_x": null,
        "focal_point_y": null,
        "height": 800,
        "width": 600,
        "file": "original_images/VP_2015_07_29.jpg",
        "file_size": 107762,
        "uploaded_by_user": [
            "admin"
        ]
    },
    "model": "wagtailimages.image",
    "pk": 29
},
{
    "fields": {
        "focal_point_width": null,
        "title": "VP_2015_07_30.jpg",
        "focal_point_height": null,
        "created_at": "2015-10-06T20:32:45.815Z",
        "focal_point_x": null,
        "focal_point_y": null,
        "height": 800,
        "width": 600,
        "file": "original_images/VP_2015_07_30.jpg",
        "file_size": 147723,
        "uploaded_by_user": [
            "admin"
        ]
    },
    "model": "wagtailimages.image",
    "pk": 30
},
{
    "fields": {
        "focal_point_width": null,
        "title": "VP_2015_07_31.jpg",
        "focal_point_height": null,
        "created_at": "2015-10-06T20:32:45.929Z",
        "focal_point_x": null,
        "focal_point_y": null,
        "height": 600,
        "width": 800,
        "file": "original_images/VP_2015_07_31.jpg",
        "file_size": 51897,
        "uploaded_by_user": [
            "admin"
        ]
    },
    "model": "wagtailimages.image",
    "pk": 31
},
{
    "fields": {
        "focal_point_width": null,
        "title": "VP_2015_07_32.jpg",
        "focal_point_height": null,
        "created_at": "2015-10-06T20:32:46.030Z",
        "focal_point_x": null,
        "focal_point_y": null,
        "height": 600,
        "width": 800,
        "file": "original_images/VP_2015_07_32.jpg",
        "file_size": 60609,
        "uploaded_by_user": [
            "admin"
        ]
    },
    "model": "wagtailimages.image",
    "pk": 32
},
{
    "fields": {
        "focal_point_width": null,
        "title": "VP_2015_07_33.jpg",
        "focal_point_height": null,
        "created_at": "2015-10-06T20:32:46.124Z",
        "focal_point_x": null,
        "focal_point_y": null,
        "height": 800,
        "width": 600,
        "file": "original_images/VP_2015_07_33.jpg",
        "file_size": 137930,
        "uploaded_by_user": [
            "admin"
        ]
    },
    "model": "wagtailimages.image",
    "pk": 33
},
{
    "fields": {
        "focal_point_width": null,
        "title": "VP_2015_07_34.jpg",
        "focal_point_height": null,
        "created_at": "2015-10-06T20:32:46.250Z",
        "focal_point_x": null,
        "focal_point_y": null,
        "height": 800,
        "width": 600,
        "file": "original_images/VP_2015_07_34.jpg",
        "file_size": 105924,
        "uploaded_by_user": [
            "admin"
        ]
    },
    "model": "wagtailimages.image",
    "pk": 34
},
{
    "fields": {
        "focal_point_width": null,
        "title": "VP_2015_07_35.jpg",
        "focal_point_height": null,
        "created_at": "2015-10-06T20:32:46.423Z",
        "focal_point_x": null,
        "focal_point_y": null,
        "height": 600,
        "width": 800,
        "file": "original_images/VP_2015_07_35.jpg",
        "file_size": 71082,
        "uploaded_by_user": [
            "admin"
        ]
    },
    "model": "wagtailimages.image",
    "pk": 35
},
{
    "fields": {
        "focal_point_width": null,
        "title": "VP_2015_07_36.jpg",
        "focal_point_height": null,
        "created_at": "2015-10-06T20:32:46.503Z",
        "focal_point_x": null,
        "focal_point_y": null,
        "height": 600,
        "width": 800,
        "file": "original_images/VP_2015_07_36.jpg",
        "file_size": 83544,
        "uploaded_by_user": [
            "admin"
        ]
    },
    "model": "wagtailimages.image",
    "pk": 36
},
{
    "fields": {
        "focal_point_width": null,
        "title": "VP_2015_07_37.jpg",
        "focal_point_height": null,
        "created_at": "2015-10-06T20:32:46.623Z",
        "focal_point_x": null,
        "focal_point_y": null,
        "height": 600,
        "width": 800,
        "file": "original_images/VP_2015_07_37.jpg",
        "file_size": 58877,
        "uploaded_by_user": [
            "admin"
        ]
    },
    "model": "wagtailimages.image",
    "pk": 37
},
{
    "fields": {
        "focal_point_width": null,
        "title": "VP_2015_07_38.jpg",
        "focal_point_height": null,
        "created_at": "2015-10-06T20:32:46.749Z",
        "focal_point_x": null,
        "focal_point_y": null,
        "height": 600,
        "width": 800,
        "file": "original_images/VP_2015_07_38.jpg",
        "file_size": 53052,
        "uploaded_by_user": [
            "admin"
        ]
    },
    "model": "wagtailimages.image",
    "pk": 38
},
{
    "fields": {
        "focal_point_width": null,
        "title": "VP_2015_07_39.jpg",
        "focal_point_height": null,
        "created_at": "2015-10-06T20:32:46.823Z",
        "focal_point_x": null,
        "focal_point_y": null,
        "height": 600,
        "width": 800,
        "file": "original_images/VP_2015_07_39.jpg",
        "file_size": 43191,
        "uploaded_by_user": [
            "admin"
        ]
    },
    "model": "wagtailimages.image",
    "pk": 39
},
{
    "fields": {
        "focal_point_width": null,
        "title": "VP_2015_07_40.jpg",
        "focal_point_height": null,
        "created_at": "2015-10-06T20:32:46.951Z",
        "focal_point_x": null,
        "focal_point_y": null,
        "height": 800,
        "width": 600,
        "file": "original_images/VP_2015_07_40.jpg",
        "file_size": 106779,
        "uploaded_by_user": [
            "admin"
        ]
    },
    "model": "wagtailimages.image",
    "pk": 40
},
{
    "fields": {
        "focal_point_width": null,
        "title": "VP_2015_07_41.jpg",
        "focal_point_height": null,
        "created_at": "2015-10-06T20:32:47.053Z",
        "focal_point_x": null,
        "focal_point_y": null,
        "height": 800,
        "width": 600,
        "file": "original_images/VP_2015_07_41.jpg",
        "file_size": 98445,
        "uploaded_by_user": [
            "admin"
        ]
    },
    "model": "wagtailimages.image",
    "pk": 41
},
{
    "fields": {
        "focal_point_width": null,
        "title": "VP_2015_07_42.jpg",
        "focal_point_height": null,
        "created_at": "2015-10-06T20:32:47.148Z",
        "focal_point_x": null,
        "focal_point_y": null,
        "height": 800,
        "width": 600,
        "file": "original_images/VP_2015_07_42.jpg",
        "file_size": 113947,
        "uploaded_by_user": [
            "admin"
        ]
    },
    "model": "wagtailimages.image",
    "pk": 42
},
{
    "fields": {
        "focal_point_width": null,
        "title": "VP_2015_07_43.jpg",
        "focal_point_height": null,
        "created_at": "2015-10-06T20:32:47.302Z",
        "focal_point_x": null,
        "focal_point_y": null,
        "height": 800,
        "width": 600,
        "file": "original_images/VP_2015_07_43.jpg",
        "file_size": 164412,
        "uploaded_by_user": [
            "admin"
        ]
    },
    "model": "wagtailimages.image",
    "pk": 43
},
{
    "fields": {
        "focal_point_width": null,
        "title": "VP_2015_07_44.jpg",
        "focal_point_height": null,
        "created_at": "2015-10-06T20:32:47.456Z",
        "focal_point_x": null,
        "focal_point_y": null,
        "height": 800,
        "width": 600,
        "file": "original_images/VP_2015_07_44.jpg",
        "file_size": 178042,
        "uploaded_by_user": [
            "admin"
        ]
    },
    "model": "wagtailimages.image",
    "pk": 44
},
{
    "fields": {
        "focal_point_width": null,
        "title": "VP_2015_07_45.jpg",
        "focal_point_height": null,
        "created_at": "2015-10-06T20:32:47.585Z",
        "focal_point_x": null,
        "focal_point_y": null,
        "height": 600,
        "width": 800,
        "file": "original_images/VP_2015_07_45.jpg",
        "file_size": 60561,
        "uploaded_by_user": [
            "admin"
        ]
    },
    "model": "wagtailimages.image",
    "pk": 45
},
{
    "fields": {
        "focal_point_width": null,
        "title": "VP_2015_07_46.jpg",
        "focal_point_height": null,
        "created_at": "2015-10-06T20:32:47.727Z",
        "focal_point_x": null,
        "focal_point_y": null,
        "height": 600,
        "width": 800,
        "file": "original_images/VP_2015_07_46.jpg",
        "file_size": 56915,
        "uploaded_by_user": [
            "admin"
        ]
    },
    "model": "wagtailimages.image",
    "pk": 46
},
{
    "fields": {
        "focal_point_width": null,
        "title": "VP_2015_07_47.jpg",
        "focal_point_height": null,
        "created_at": "2015-10-06T20:32:47.823Z",
        "focal_point_x": null,
        "focal_point_y": null,
        "height": 800,
        "width": 600,
        "file": "original_images/VP_2015_07_47.jpg",
        "file_size": 118203,
        "uploaded_by_user": [
            "admin"
        ]
    },
    "model": "wagtailimages.image",
    "pk": 47
},
{
    "fields": {
        "focal_point_width": null,
        "title": "VP_2015_07_48.jpg",
        "focal_point_height": null,
        "created_at": "2015-10-06T20:32:47.914Z",
        "focal_point_x": null,
        "focal_point_y": null,
        "height": 183,
        "width": 275,
        "file": "original_images/VP_2015_07_48.jpg",
        "file_size": 4652,
        "uploaded_by_user": [
            "admin"
        ]
    },
    "model": "wagtailimages.image",
    "pk": 48
},
{
    "fields": {
        "focal_point_width": null,
        "title": "VP_2015_07_49.jpg",
        "focal_point_height": null,
        "created_at": "2015-10-06T20:32:48.024Z",
        "focal_point_x": null,
        "focal_point_y": null,
        "height": 382,
        "width": 615,
        "file": "original_images/VP_2015_07_49.jpg",
        "file_size": 40365,
        "uploaded_by_user": [
            "admin"
        ]
    },
    "model": "wagtailimages.image",
    "pk": 49
},
{
    "fields": {
        "focal_point_width": null,
        "title": "VP_2015_07_50.jpg",
        "focal_point_height": null,
        "created_at": "2015-10-06T20:32:48.160Z",
        "focal_point_x": null,
        "focal_point_y": null,
        "height": 500,
        "width": 666,
        "file": "original_images/VP_2015_07_50.jpg",
        "file_size": 41303,
        "uploaded_by_user": [
            "admin"
        ]
    },
    "model": "wagtailimages.image",
    "pk": 50
},
{
    "fields": {
        "focal_point_width": null,
        "title": "VP_2015_07_51.jpg",
        "focal_point_height": null,
        "created_at": "2015-10-06T20:32:48.263Z",
        "focal_point_x": null,
        "focal_point_y": null,
        "height": 391,
        "width": 615,
        "file": "original_images/VP_2015_07_51.jpg",
        "file_size": 79811,
        "uploaded_by_user": [
            "admin"
        ]
    },
    "model": "wagtailimages.image",
    "pk": 51
},
{
    "fields": {
        "focal_point_width": null,
        "title": "VP_2015_08_1.JPG",
        "focal_point_height": null,
        "created_at": "2015-10-06T20:32:48.417Z",
        "focal_point_x": null,
        "focal_point_y": null,
        "height": 2136,
        "width": 3216,
        "file": "original_images/VP_2015_08_1.JPG",
        "file_size": 2690606,
        "uploaded_by_user": [
            "admin"
        ]
    },
    "model": "wagtailimages.image",
    "pk": 52
},
{
    "fields": {
        "focal_point_width": null,
        "title": "VP_2015_08_2.JPG",
        "focal_point_height": null,
        "created_at": "2015-10-06T20:32:48.704Z",
        "focal_point_x": null,
        "focal_point_y": null,
        "height": 2136,
        "width": 3216,
        "file": "original_images/VP_2015_08_2.JPG",
        "file_size": 2908571,
        "uploaded_by_user": [
            "admin"
        ]
    },
    "model": "wagtailimages.image",
    "pk": 53
},
{
    "fields": {
        "focal_point_width": null,
        "title": "VP_2015_08_3.JPG",
        "focal_point_height": null,
        "created_at": "2015-10-06T20:32:48.934Z",
        "focal_point_x": null,
        "focal_point_y": null,
        "height": 2136,
        "width": 3216,
        "file": "original_images/VP_2015_08_3.JPG",
        "file_size": 2485361,
        "uploaded_by_user": [
            "admin"
        ]
    },
    "model": "wagtailimages.image",
    "pk": 54
},
{
    "fields": {
        "focal_point_width": null,
        "title": "VP_2015_08_4.JPG",
        "focal_point_height": null,
        "created_at": "2015-10-06T20:32:49.185Z",
        "focal_point_x": null,
        "focal_point_y": null,
        "height": 2136,
        "width": 3216,
        "file": "original_images/VP_2015_08_4.JPG",
        "file_size": 2635926,
        "uploaded_by_user": [
            "admin"
        ]
    },
    "model": "wagtailimages.image",
    "pk": 55
},
{
    "fields": {
        "focal_point_width": null,
        "title": "VP_2015_08_5.JPG",
        "focal_point_height": null,
        "created_at": "2015-10-06T20:32:49.446Z",
        "focal_point_x": null,
        "focal_point_y": null,
        "height": 2060,
        "width": 2376,
        "file": "original_images/VP_2015_08_5.JPG",
        "file_size": 2176435,
        "uploaded_by_user": [
            "admin"
        ]
    },
    "model": "wagtailimages.image",
    "pk": 56
},
{
    "fields": {
        "focal_point_width": null,
        "title": "VP_2015_08_6.JPG",
        "focal_point_height": null,
        "created_at": "2015-10-06T20:32:49.695Z",
        "focal_point_x": null,
        "focal_point_y": null,
        "height": 1928,
        "width": 3216,
        "file": "original_images/VP_2015_08_6.JPG",
        "file_size": 2717600,
        "uploaded_by_user": [
            "admin"
        ]
    },
    "model": "wagtailimages.image",
    "pk": 57
},
{
    "fields": {
        "focal_point_width": null,
        "title": "VP_2015_08_7.JPG",
        "focal_point_height": null,
        "created_at": "2015-10-06T20:32:50.050Z",
        "focal_point_x": null,
        "focal_point_y": null,
        "height": 2136,
        "width": 3216,
        "file": "original_images/VP_2015_08_7.JPG",
        "file_size": 3352589,
        "uploaded_by_user": [
            "admin"
        ]
    },
    "model": "wagtailimages.image",
    "pk": 58
},
{
    "fields": {
        "focal_point_width": null,
        "title": "VP_2015_08_8.JPG",
        "focal_point_height": null,
        "created_at": "2015-10-06T20:32:50.358Z",
        "focal_point_x": null,
        "focal_point_y": null,
        "height": 3216,
        "width": 2136,
        "file": "original_images/VP_2015_08_8.JPG",
        "file_size": 2877681,
        "uploaded_by_user": [
            "admin"
        ]
    },
    "model": "wagtailimages.image",
    "pk": 59
},
{
    "fields": {
        "focal_point_width": null,
        "title": "VP_2015_08_9.JPG",
        "focal_point_height": null,
        "created_at": "2015-10-06T20:32:50.665Z",
        "focal_point_x": null,
        "focal_point_y": null,
        "height": 2136,
        "width": 3216,
        "file": "original_images/VP_2015_08_9.JPG",
        "file_size": 2949951,
        "uploaded_by_user": [
            "admin"
        ]
    },
    "model": "wagtailimages.image",
    "pk": 60
},
{
    "fields": {
        "focal_point_width": null,
        "title": "VP_2015_08_10.JPG",
        "focal_point_height": null,
        "created_at": "2015-10-06T20:32:51.011Z",
        "focal_point_x": null,
        "focal_point_y": null,
        "height": 2136,
        "width": 3216,
        "file": "original_images/VP_2015_08_10.JPG",
        "file_size": 3802524,
        "uploaded_by_user": [
            "admin"
        ]
    },
    "model": "wagtailimages.image",
    "pk": 61
},
{
    "fields": {
        "focal_point_width": null,
        "title": "VP_2015_08_11.JPG",
        "focal_point_height": null,
        "created_at": "2015-10-06T20:32:51.495Z",
        "focal_point_x": null,
        "focal_point_y": null,
        "height": 2136,
        "width": 3216,
        "file": "original_images/VP_2015_08_11.JPG",
        "file_size": 2991796,
        "uploaded_by_user": [
            "admin"
        ]
    },
    "model": "wagtailimages.image",
    "pk": 62
},
{
    "fields": {
        "focal_point_width": null,
        "title": "VP_2015_08_12.JPG",
        "focal_point_height": null,
        "created_at": "2015-10-06T20:32:51.952Z",
        "focal_point_x": null,
        "focal_point_y": null,
        "height": 2048,
        "width": 3176,
        "file": "original_images/VP_2015_08_12.JPG",
        "file_size": 3621552,
        "uploaded_by_user": [
            "admin"
        ]
    },
    "model": "wagtailimages.image",
    "pk": 63
},
{
    "fields": {
        "focal_point_width": null,
        "title": "VP_2015_08_13.JPG",
        "focal_point_height": null,
        "created_at": "2015-10-06T20:32:52.312Z",
        "focal_point_x": null,
        "focal_point_y": null,
        "height": 2136,
        "width": 3216,
        "file": "original_images/VP_2015_08_13.JPG",
        "file_size": 4205560,
        "uploaded_by_user": [
            "admin"
        ]
    },
    "model": "wagtailimages.image",
    "pk": 64
},
{
    "fields": {
        "focal_point_width": null,
        "title": "VP_2015_08_14.JPG",
        "focal_point_height": null,
        "created_at": "2015-10-06T20:32:52.774Z",
        "focal_point_x": null,
        "focal_point_y": null,
        "height": 2136,
        "width": 3216,
        "file": "original_images/VP_2015_08_14.JPG",
        "file_size": 3198066,
        "uploaded_by_user": [
            "admin"
        ]
    },
    "model": "wagtailimages.image",
    "pk": 65
},
{
    "fields": {
        "focal_point_width": null,
        "title": "VP_2015_08_15.JPG",
        "focal_point_height": null,
        "created_at": "2015-10-06T20:32:53.168Z",
        "focal_point_x": null,
        "focal_point_y": null,
        "height": 2136,
        "width": 3216,
        "file": "original_images/VP_2015_08_15.JPG",
        "file_size": 4552031,
        "uploaded_by_user": [
            "admin"
        ]
    },
    "model": "wagtailimages.image",
    "pk": 66
},
{
    "fields": {
        "focal_point_width": null,
        "title": "VP_2015_08_16.JPG",
        "focal_point_height": null,
        "created_at": "2015-10-06T20:32:53.428Z",
        "focal_point_x": null,
        "focal_point_y": null,
        "height": 2136,
        "width": 3216,
        "file": "original_images/VP_2015_08_16.JPG",
        "file_size": 2882911,
        "uploaded_by_user": [
            "admin"
        ]
    },
    "model": "wagtailimages.image",
    "pk": 67
},
{
    "fields": {
        "focal_point_width": null,
        "title": "VP_2015_08_17.JPG",
        "focal_point_height": null,
        "created_at": "2015-10-06T20:32:53.750Z",
        "focal_point_x": null,
        "focal_point_y": null,
        "height": 3216,
        "width": 2136,
        "file": "original_images/VP_2015_08_17.JPG",
        "file_size": 3347356,
        "uploaded_by_user": [
            "admin"
        ]
    },
    "model": "wagtailimages.image",
    "pk": 68
},
{
    "fields": {
        "focal_point_width": null,
        "title": "VP_2015_08_18.JPG",
        "focal_point_height": null,
        "created_at": "2015-10-06T20:32:54.015Z",
        "focal_point_x": null,
        "focal_point_y": null,
        "height": 2136,
        "width": 3216,
        "file": "original_images/VP_2015_08_18.JPG",
        "file_size": 4480469,
        "uploaded_by_user": [
            "admin"
        ]
    },
    "model": "wagtailimages.image",
    "pk": 69
},
{
    "fields": {
        "focal_point_width": null,
        "title": "VP_2015_08_19.JPG",
        "focal_point_height": null,
        "created_at": "2015-10-06T20:32:54.326Z",
        "focal_point_x": null,
        "focal_point_y": null,
        "height": 2136,
        "width": 3216,
        "file": "original_images/VP_2015_08_19.JPG",
        "file_size": 4066254,
        "uploaded_by_user": [
            "admin"
        ]
    },
    "model": "wagtailimages.image",
    "pk": 70
},
{
    "fields": {
        "focal_point_width": null,
        "title": "VP_2015_08_20.JPG",
        "focal_point_height": null,
        "created_at": "2015-10-06T20:32:54.988Z",
        "focal_point_x": null,
        "focal_point_y": null,
        "height": 2136,
        "width": 3216,
        "file": "original_images/VP_2015_08_20.JPG",
        "file_size": 3747055,
        "uploaded_by_user": [
            "admin"
        ]
    },
    "model": "wagtailimages.image",
    "pk": 71
},
{
    "fields": {
        "focal_point_width": null,
        "title": "VP_2015_08_21.JPG",
        "focal_point_height": null,
        "created_at": "2015-10-06T20:32:55.587Z",
        "focal_point_x": null,
        "focal_point_y": null,
        "height": 2136,
        "width": 3216,
        "file": "original_images/VP_2015_08_21.JPG",
        "file_size": 3559635,
        "uploaded_by_user": [
            "admin"
        ]
    },
    "model": "wagtailimages.image",
    "pk": 72
},
{
    "fields": {
        "focal_point_width": null,
        "title": "VP_2015_08_22.JPG",
        "focal_point_height": null,
        "created_at": "2015-10-06T20:32:56.196Z",
        "focal_point_x": null,
        "focal_point_y": null,
        "height": 2136,
        "width": 3216,
        "file": "original_images/VP_2015_08_22.JPG",
        "file_size": 3434394,
        "uploaded_by_user": [
            "admin"
        ]
    },
    "model": "wagtailimages.image",
    "pk": 73
},
{
    "fields": {
        "focal_point_width": null,
        "title": "VP_2015_08_23.JPG",
        "focal_point_height": null,
        "created_at": "2015-10-06T20:32:56.440Z",
        "focal_point_x": null,
        "focal_point_y": null,
        "height": 2136,
        "width": 3216,
        "file": "original_images/VP_2015_08_23.JPG",
        "file_size": 3132328,
        "uploaded_by_user": [
            "admin"
        ]
    },
    "model": "wagtailimages.image",
    "pk": 74
},
{
    "fields": {
        "focal_point_width": null,
        "title": "VP_2015_08_24.JPG",
        "focal_point_height": null,
        "created_at": "2015-10-06T20:32:56.760Z",
        "focal_point_x": null,
        "focal_point_y": null,
        "height": 2136,
        "width": 3216,
        "file": "original_images/VP_2015_08_24.JPG",
        "file_size": 3196220,
        "uploaded_by_user": [
            "admin"
        ]
    },
    "model": "wagtailimages.image",
    "pk": 75
},
{
    "fields": {
        "focal_point_width": null,
        "title": "VP_2015_08_25.JPG",
        "focal_point_height": null,
        "created_at": "2015-10-06T20:32:57.254Z",
        "focal_point_x": null,
        "focal_point_y": null,
        "height": 3216,
        "width": 2136,
        "file": "original_images/VP_2015_08_25.JPG",
        "file_size": 2763874,
        "uploaded_by_user": [
            "admin"
        ]
    },
    "model": "wagtailimages.image",
    "pk": 76
},
{
    "fields": {
        "focal_point_width": null,
        "title": "VP_2015_08_26.JPG",
        "focal_point_height": null,
        "created_at": "2015-10-06T20:32:57.683Z",
        "focal_point_x": null,
        "focal_point_y": null,
        "height": 2064,
        "width": 3170,
        "file": "original_images/VP_2015_08_26.JPG",
        "file_size": 2910050,
        "uploaded_by_user": [
            "admin"
        ]
    },
    "model": "wagtailimages.image",
    "pk": 77
},
{
    "fields": {
        "focal_point_width": null,
        "title": "VP_2015_08_27.JPG",
        "focal_point_height": null,
        "created_at": "2015-10-06T20:32:58.016Z",
        "focal_point_x": null,
        "focal_point_y": null,
        "height": 2136,
        "width": 3216,
        "file": "original_images/VP_2015_08_27.JPG",
        "file_size": 3714874,
        "uploaded_by_user": [
            "admin"
        ]
    },
    "model": "wagtailimages.image",
    "pk": 78
},
{
    "fields": {
        "focal_point_width": null,
        "title": "VP_2015_08_28.JPG",
        "focal_point_height": null,
        "created_at": "2015-10-06T20:32:58.322Z",
        "focal_point_x": null,
        "focal_point_y": null,
        "height": 3216,
        "width": 2136,
        "file": "original_images/VP_2015_08_28.JPG",
        "file_size": 2646985,
        "uploaded_by_user": [
            "admin"
        ]
    },
    "model": "wagtailimages.image",
    "pk": 79
},
{
    "fields": {
        "focal_point_width": null,
        "title": "VP_2015_08_29.JPG",
        "focal_point_height": null,
        "created_at": "2015-10-06T20:32:58.630Z",
        "focal_point_x": null,
        "focal_point_y": null,
        "height": 3216,
        "width": 2136,
        "file": "original_images/VP_2015_08_29.JPG",
        "file_size": 2714340,
        "uploaded_by_user": [
            "admin"
        ]
    },
    "model": "wagtailimages.image",
    "pk": 80
},
{
    "fields": {
        "focal_point_width": null,
        "title": "VP_2015_08_30.JPG",
        "focal_point_height": null,
        "created_at": "2015-10-06T20:32:58.970Z",
        "focal_point_x": null,
        "focal_point_y": null,
        "height": 2136,
        "width": 3216,
        "file": "original_images/VP_2015_08_30.JPG",
        "file_size": 3816016,
        "uploaded_by_user": [
            "admin"
        ]
    },
    "model": "wagtailimages.image",
    "pk": 81
},
{
    "fields": {
        "focal_point_width": null,
        "title": "VP_2015_08_31.JPG",
        "focal_point_height": null,
        "created_at": "2015-10-06T20:32:59.300Z",
        "focal_point_x": null,
        "focal_point_y": null,
        "height": 2136,
        "width": 3216,
        "file": "original_images/VP_2015_08_31.JPG",
        "file_size": 3571816,
        "uploaded_by_user": [
            "admin"
        ]
    },
    "model": "wagtailimages.image",
    "pk": 82
},
{
    "fields": {
        "focal_point_width": null,
        "title": "VP_2015_08_32.JPG",
        "focal_point_height": null,
        "created_at": "2015-10-06T20:32:59.648Z",
        "focal_point_x": null,
        "focal_point_y": null,
        "height": 2136,
        "width": 3216,
        "file": "original_images/VP_2015_08_32.JPG",
        "file_size": 3481575,
        "uploaded_by_user": [
            "admin"
        ]
    },
    "model": "wagtailimages.image",
    "pk": 83
},
{
    "fields": {
        "focal_point_width": null,
        "title": "VP_2015_08_33.JPG",
        "focal_point_height": null,
        "created_at": "2015-10-06T20:32:59.968Z",
        "focal_point_x": null,
        "focal_point_y": null,
        "height": 2136,
        "width": 3216,
        "file": "original_images/VP_2015_08_33.JPG",
        "file_size": 3136574,
        "uploaded_by_user": [
            "admin"
        ]
    },
    "model": "wagtailimages.image",
    "pk": 84
},
{
    "fields": {
        "focal_point_width": null,
        "title": "VP_2015_08_34.JPG",
        "focal_point_height": null,
        "created_at": "2015-10-06T20:33:00.383Z",
        "focal_point_x": null,
        "focal_point_y": null,
        "height": 2136,
        "width": 3216,
        "file": "original_images/VP_2015_08_34.JPG",
        "file_size": 3309562,
        "uploaded_by_user": [
            "admin"
        ]
    },
    "model": "wagtailimages.image",
    "pk": 85
},
{
    "fields": {
        "focal_point_width": null,
        "title": "VP_2015_08_35.JPG",
        "focal_point_height": null,
        "created_at": "2015-10-06T20:33:00.688Z",
        "focal_point_x": null,
        "focal_point_y": null,
        "height": 3216,
        "width": 2136,
        "file": "original_images/VP_2015_08_35.JPG",
        "file_size": 3447257,
        "uploaded_by_user": [
            "admin"
        ]
    },
    "model": "wagtailimages.image",
    "pk": 86
},
{
    "fields": {
        "focal_point_width": null,
        "title": "VP_2015_08_36.JPG",
        "focal_point_height": null,
        "created_at": "2015-10-06T20:33:01.130Z",
        "focal_point_x": null,
        "focal_point_y": null,
        "height": 3216,
        "width": 2136,
        "file": "original_images/VP_2015_08_36.JPG",
        "file_size": 3295681,
        "uploaded_by_user": [
            "admin"
        ]
    },
    "model": "wagtailimages.image",
    "pk": 87
},
{
    "fields": {
        "focal_point_width": null,
        "title": "VP_2015_08_37.JPG",
        "focal_point_height": null,
        "created_at": "2015-10-06T20:33:01.384Z",
        "focal_point_x": null,
        "focal_point_y": null,
        "height": 2136,
        "width": 3216,
        "file": "original_images/VP_2015_08_37.JPG",
        "file_size": 2928734,
        "uploaded_by_user": [
            "admin"
        ]
    },
    "model": "wagtailimages.image",
    "pk": 88
},
{
    "fields": {
        "focal_point_width": null,
        "title": "VP_2015_08_38.JPG",
        "focal_point_height": null,
        "created_at": "2015-10-06T20:33:01.713Z",
        "focal_point_x": null,
        "focal_point_y": null,
        "height": 2136,
        "width": 3216,
        "file": "original_images/VP_2015_08_38.JPG",
        "file_size": 3455095,
        "uploaded_by_user": [
            "admin"
        ]
    },
    "model": "wagtailimages.image",
    "pk": 89
},
{
    "fields": {
        "focal_point_width": null,
        "title": "VP_2015_08_39.JPG",
        "focal_point_height": null,
        "created_at": "2015-10-06T20:33:02.062Z",
        "focal_point_x": null,
        "focal_point_y": null,
        "height": 2136,
        "width": 3216,
        "file": "original_images/VP_2015_08_39.JPG",
        "file_size": 4896084,
        "uploaded_by_user": [
            "admin"
        ]
    },
    "model": "wagtailimages.image",
    "pk": 90
},
{
    "fields": {
        "focal_point_width": null,
        "title": "VP_2015_08_40.JPG",
        "focal_point_height": null,
        "created_at": "2015-10-06T20:33:02.456Z",
        "focal_point_x": null,
        "focal_point_y": null,
        "height": 3216,
        "width": 2136,
        "file": "original_images/VP_2015_08_40.JPG",
        "file_size": 3801780,
        "uploaded_by_user": [
            "admin"
        ]
    },
    "model": "wagtailimages.image",
    "pk": 91
},
{
    "fields": {
        "focal_point_width": null,
        "title": "VP_2015_08_41.JPG",
        "focal_point_height": null,
        "created_at": "2015-10-06T20:33:02.919Z",
        "focal_point_x": null,
        "focal_point_y": null,
        "height": 2136,
        "width": 3216,
        "file": "original_images/VP_2015_08_41.JPG",
        "file_size": 4327126,
        "uploaded_by_user": [
            "admin"
        ]
    },
    "model": "wagtailimages.image",
    "pk": 92
},
{
    "fields": {
        "focal_point_width": null,
        "title": "VP_2015_08_42.JPG",
        "focal_point_height": null,
        "created_at": "2015-10-06T20:33:03.268Z",
        "focal_point_x": null,
        "focal_point_y": null,
        "height": 2004,
        "width": 3134,
        "file": "original_images/VP_2015_08_42.JPG",
        "file_size": 3601071,
        "uploaded_by_user": [
            "admin"
        ]
    },
    "model": "wagtailimages.image",
    "pk": 93
},
{
    "fields": {
        "focal_point_width": null,
        "title": "VP_2015_08_43.JPG",
        "focal_point_height": null,
        "created_at": "2015-10-06T20:33:03.660Z",
        "focal_point_x": null,
        "focal_point_y": null,
        "height": 2136,
        "width": 3216,
        "file": "original_images/VP_2015_08_43.JPG",
        "file_size": 4306700,
        "uploaded_by_user": [
            "admin"
        ]
    },
    "model": "wagtailimages.image",
    "pk": 94
},
{
    "fields": {
        "focal_point_width": null,
        "title": "VP_2015_08_44.JPG",
        "focal_point_height": null,
        "created_at": "2015-10-06T20:33:04.353Z",
        "focal_point_x": null,
        "focal_point_y": null,
        "height": 2136,
        "width": 3216,
        "file": "original_images/VP_2015_08_44.JPG",
        "file_size": 3356918,
        "uploaded_by_user": [
            "admin"
        ]
    },
    "model": "wagtailimages.image",
    "pk": 95
},
{
    "fields": {
        "focal_point_width": null,
        "title": "VP_2015_08_45.JPG",
        "focal_point_height": null,
        "created_at": "2015-10-06T20:33:04.884Z",
        "focal_point_x": null,
        "focal_point_y": null,
        "height": 2136,
        "width": 3216,
        "file": "original_images/VP_2015_08_45.JPG",
        "file_size": 3449563,
        "uploaded_by_user": [
            "admin"
        ]
    },
    "model": "wagtailimages.image",
    "pk": 96
},
{
    "fields": {
        "focal_point_width": null,
        "title": "VP_2015_08_46.JPG",
        "focal_point_height": null,
        "created_at": "2015-10-06T20:33:05.438Z",
        "focal_point_x": null,
        "focal_point_y": null,
        "height": 2136,
        "width": 3216,
        "file": "original_images/VP_2015_08_46.JPG",
        "file_size": 3232292,
        "uploaded_by_user": [
            "admin"
        ]
    },
    "model": "wagtailimages.image",
    "pk": 97
},
{
    "fields": {
        "focal_point_width": null,
        "title": "VP_2015_08_47.JPG",
        "focal_point_height": null,
        "created_at": "2015-10-06T20:33:05.887Z",
        "focal_point_x": null,
        "focal_point_y": null,
        "height": 2136,
        "width": 3216,
        "file": "original_images/VP_2015_08_47.JPG",
        "file_size": 4113948,
        "uploaded_by_user": [
            "admin"
        ]
    },
    "model": "wagtailimages.image",
    "pk": 98
},
{
    "fields": {
        "focal_point_width": null,
        "title": "VP_2015_08_48.JPG",
        "focal_point_height": null,
        "created_at": "2015-10-06T20:33:06.421Z",
        "focal_point_x": null,
        "focal_point_y": null,
        "height": 2136,
        "width": 3216,
        "file": "original_images/VP_2015_08_48.JPG",
        "file_size": 3714411,
        "uploaded_by_user": [
            "admin"
        ]
    },
    "model": "wagtailimages.image",
    "pk": 99
},
{
    "fields": {
        "focal_point_width": null,
        "title": "VP_2015_09_1.jpg",
        "focal_point_height": null,
        "created_at": "2015-10-06T20:33:06.672Z",
        "focal_point_x": null,
        "focal_point_y": null,
        "height": 1456,
        "width": 2592,
        "file": "original_images/VP_2015_09_1.jpg",
        "file_size": 1269195,
        "uploaded_by_user": [
            "admin"
        ]
    },
    "model": "wagtailimages.image",
    "pk": 100
},
{
    "fields": {
        "focal_point_width": null,
        "title": "VP_2015_09_2.jpg",
        "focal_point_height": null,
        "created_at": "2015-10-06T20:33:06.938Z",
        "focal_point_x": null,
        "focal_point_y": null,
        "height": 1456,
        "width": 2592,
        "file": "original_images/VP_2015_09_2.jpg",
        "file_size": 1174588,
        "uploaded_by_user": [
            "admin"
        ]
    },
    "model": "wagtailimages.image",
    "pk": 101
},
{
    "fields": {
        "focal_point_width": null,
        "title": "VP_2015_09_3.jpg",
        "focal_point_height": null,
        "created_at": "2015-10-06T20:33:07.225Z",
        "focal_point_x": null,
        "focal_point_y": null,
        "height": 1456,
        "width": 2592,
        "file": "original_images/VP_2015_09_3.jpg",
        "file_size": 1115218,
        "uploaded_by_user": [
            "admin"
        ]
    },
    "model": "wagtailimages.image",
    "pk": 102
},
{
    "fields": {
        "focal_point_width": null,
        "title": "VP_2015_09_4.jpg",
        "focal_point_height": null,
        "created_at": "2015-10-06T20:33:07.539Z",
        "focal_point_x": null,
        "focal_point_y": null,
        "height": 1456,
        "width": 2592,
        "file": "original_images/VP_2015_09_4.jpg",
        "file_size": 1583064,
        "uploaded_by_user": [
            "admin"
        ]
    },
    "model": "wagtailimages.image",
    "pk": 103
},
{
    "fields": {
        "focal_point_width": null,
        "title": "VP_2015_09_5.jpg",
        "focal_point_height": null,
        "created_at": "2015-10-06T20:33:07.811Z",
        "focal_point_x": null,
        "focal_point_y": null,
        "height": 1456,
        "width": 2592,
        "file": "original_images/VP_2015_09_5.jpg",
        "file_size": 1271585,
        "uploaded_by_user": [
            "admin"
        ]
    },
    "model": "wagtailimages.image",
    "pk": 104
},
{
    "fields": {
        "focal_point_width": null,
        "title": "VP_2015_09_6.jpg",
        "focal_point_height": null,
        "created_at": "2015-10-06T20:33:08.022Z",
        "focal_point_x": null,
        "focal_point_y": null,
        "height": 2592,
        "width": 1456,
        "file": "original_images/VP_2015_09_6.jpg",
        "file_size": 1018976,
        "uploaded_by_user": [
            "admin"
        ]
    },
    "model": "wagtailimages.image",
    "pk": 105
},
{
    "fields": {
        "focal_point_width": null,
        "title": "VP_2015_09_7.jpg",
        "focal_point_height": null,
        "created_at": "2015-10-06T20:33:08.270Z",
        "focal_point_x": null,
        "focal_point_y": null,
        "height": 2592,
        "width": 1456,
        "file": "original_images/VP_2015_09_7.jpg",
        "file_size": 987624,
        "uploaded_by_user": [
            "admin"
        ]
    },
    "model": "wagtailimages.image",
    "pk": 106
},
{
    "fields": {
        "focal_point_width": null,
        "title": "VP_2015_09_8.jpg",
        "focal_point_height": null,
        "created_at": "2015-10-06T20:33:08.518Z",
        "focal_point_x": null,
        "focal_point_y": null,
        "height": 1456,
        "width": 2592,
        "file": "original_images/VP_2015_09_8.jpg",
        "file_size": 1123532,
        "uploaded_by_user": [
            "admin"
        ]
    },
    "model": "wagtailimages.image",
    "pk": 107
},
{
    "fields": {
        "focal_point_width": null,
        "title": "VP_2015_09_9.jpg",
        "focal_point_height": null,
        "created_at": "2015-10-06T20:33:08.779Z",
        "focal_point_x": null,
        "focal_point_y": null,
        "height": 1456,
        "width": 2592,
        "file": "original_images/VP_2015_09_9.jpg",
        "file_size": 1416077,
        "uploaded_by_user": [
            "admin"
        ]
    },
    "model": "wagtailimages.image",
    "pk": 108
},
{
    "fields": {
        "focal_point_width": null,
        "title": "VP_2015_09_10.jpg",
        "focal_point_height": null,
        "created_at": "2015-10-06T20:33:09.003Z",
        "focal_point_x": null,
        "focal_point_y": null,
        "height": 2592,
        "width": 1456,
        "file": "original_images/VP_2015_09_10.jpg",
        "file_size": 1074158,
        "uploaded_by_user": [
            "admin"
        ]
    },
    "model": "wagtailimages.image",
    "pk": 109
},
{
    "fields": {
        "focal_point_width": null,
        "title": "VP_2015_09_11.jpg",
        "focal_point_height": null,
        "created_at": "2015-10-06T20:33:09.214Z",
        "focal_point_x": null,
        "focal_point_y": null,
        "height": 2592,
        "width": 1456,
        "file": "original_images/VP_2015_09_11.jpg",
        "file_size": 948687,
        "uploaded_by_user": [
            "admin"
        ]
    },
    "model": "wagtailimages.image",
    "pk": 110
},
{
    "fields": {
        "focal_point_width": null,
        "title": "VP_2015_09_12.jpg",
        "focal_point_height": null,
        "created_at": "2015-10-06T20:33:09.430Z",
        "focal_point_x": null,
        "focal_point_y": null,
        "height": 2592,
        "width": 1456,
        "file": "original_images/VP_2015_09_12.jpg",
        "file_size": 924127,
        "uploaded_by_user": [
            "admin"
        ]
    },
    "model": "wagtailimages.image",
    "pk": 111
},
{
    "fields": {
        "focal_point_width": null,
        "title": "VP_2015_09_13.jpg",
        "focal_point_height": null,
        "created_at": "2015-10-06T20:33:09.685Z",
        "focal_point_x": null,
        "focal_point_y": null,
        "height": 2592,
        "width": 1456,
        "file": "original_images/VP_2015_09_13.jpg",
        "file_size": 1111639,
        "uploaded_by_user": [
            "admin"
        ]
    },
    "model": "wagtailimages.image",
    "pk": 112
},
{
    "fields": {
        "focal_point_width": null,
        "title": "VP_2015_09_14.jpg",
        "focal_point_height": null,
        "created_at": "2015-10-06T20:33:09.952Z",
        "focal_point_x": null,
        "focal_point_y": null,
        "height": 1456,
        "width": 2592,
        "file": "original_images/VP_2015_09_14.jpg",
        "file_size": 1228032,
        "uploaded_by_user": [
            "admin"
        ]
    },
    "model": "wagtailimages.image",
    "pk": 113
},
{
    "fields": {
        "focal_point_width": null,
        "title": "VP_2015_09_15.jpg",
        "focal_point_height": null,
        "created_at": "2015-10-06T20:33:10.149Z",
        "focal_point_x": null,
        "focal_point_y": null,
        "height": 2592,
        "width": 1456,
        "file": "original_images/VP_2015_09_15.jpg",
        "file_size": 1057760,
        "uploaded_by_user": [
            "admin"
        ]
    },
    "model": "wagtailimages.image",
    "pk": 114
},
{
    "fields": {
        "focal_point_width": null,
        "title": "VP_2015_09_16.jpg",
        "focal_point_height": null,
        "created_at": "2015-10-06T20:33:10.360Z",
        "focal_point_x": null,
        "focal_point_y": null,
        "height": 2592,
        "width": 1456,
        "file": "original_images/VP_2015_09_16.jpg",
        "file_size": 903144,
        "uploaded_by_user": [
            "admin"
        ]
    },
    "model": "wagtailimages.image",
    "pk": 115
},
{
    "fields": {
        "focal_point_width": null,
        "title": "VP_2015_09_17.jpg",
        "focal_point_height": null,
        "created_at": "2015-10-06T20:33:10.598Z",
        "focal_point_x": null,
        "focal_point_y": null,
        "height": 2592,
        "width": 1456,
        "file": "original_images/VP_2015_09_17.jpg",
        "file_size": 959208,
        "uploaded_by_user": [
            "admin"
        ]
    },
    "model": "wagtailimages.image",
    "pk": 116
},
{
    "fields": {
        "focal_point_width": null,
        "title": "VP_2015_09_18.jpg",
        "focal_point_height": null,
        "created_at": "2015-10-06T20:33:10.856Z",
        "focal_point_x": null,
        "focal_point_y": null,
        "height": 1456,
        "width": 2592,
        "file": "original_images/VP_2015_09_18.jpg",
        "file_size": 1522474,
        "uploaded_by_user": [
            "admin"
        ]
    },
    "model": "wagtailimages.image",
    "pk": 117
},
{
    "fields": {
        "focal_point_width": null,
        "title": "VP_2015_09_19.jpg",
        "focal_point_height": null,
        "created_at": "2015-10-06T20:33:11.144Z",
        "focal_point_x": null,
        "focal_point_y": null,
        "height": 2592,
        "width": 1456,
        "file": "original_images/VP_2015_09_19.jpg",
        "file_size": 1065891,
        "uploaded_by_user": [
            "admin"
        ]
    },
    "model": "wagtailimages.image",
    "pk": 118
},
{
    "fields": {
        "focal_point_width": null,
        "title": "VP_2015_09_20.jpg",
        "focal_point_height": null,
        "created_at": "2015-10-06T20:33:11.449Z",
        "focal_point_x": null,
        "focal_point_y": null,
        "height": 1456,
        "width": 2592,
        "file": "original_images/VP_2015_09_20.jpg",
        "file_size": 1087056,
        "uploaded_by_user": [
            "admin"
        ]
    },
    "model": "wagtailimages.image",
    "pk": 119
},
{
    "fields": {
        "focal_point_width": null,
        "title": "VP_2015_09_21.jpg",
        "focal_point_height": null,
        "created_at": "2015-10-06T20:33:11.774Z",
        "focal_point_x": null,
        "focal_point_y": null,
        "height": 1456,
        "width": 2592,
        "file": "original_images/VP_2015_09_21.jpg",
        "file_size": 920044,
        "uploaded_by_user": [
            "admin"
        ]
    },
    "model": "wagtailimages.image",
    "pk": 120
},
{
    "fields": {
        "focal_point_width": null,
        "title": "VP_2015_09_22.jpg",
        "focal_point_height": null,
        "created_at": "2015-10-06T20:33:12.145Z",
        "focal_point_x": null,
        "focal_point_y": null,
        "height": 1456,
        "width": 2592,
        "file": "original_images/VP_2015_09_22.jpg",
        "file_size": 1221903,
        "uploaded_by_user": [
            "admin"
        ]
    },
    "model": "wagtailimages.image",
    "pk": 121
},
{
    "fields": {
        "focal_point_width": null,
        "title": "VP_2015_09_23.jpg",
        "focal_point_height": null,
        "created_at": "2015-10-06T20:33:12.403Z",
        "focal_point_x": null,
        "focal_point_y": null,
        "height": 2592,
        "width": 1456,
        "file": "original_images/VP_2015_09_23.jpg",
        "file_size": 876555,
        "uploaded_by_user": [
            "admin"
        ]
    },
    "model": "wagtailimages.image",
    "pk": 122
},
{
    "fields": {
        "focal_point_width": null,
        "title": "VP_2015_09_24.jpg",
        "focal_point_height": null,
        "created_at": "2015-10-06T20:33:12.674Z",
        "focal_point_x": null,
        "focal_point_y": null,
        "height": 1456,
        "width": 2592,
        "file": "original_images/VP_2015_09_24.jpg",
        "file_size": 881204,
        "uploaded_by_user": [
            "admin"
        ]
    },
    "model": "wagtailimages.image",
    "pk": 123
},
{
    "fields": {
        "focal_point_width": null,
        "title": "VP_2015_09_25.jpg",
        "focal_point_height": null,
        "created_at": "2015-10-06T20:33:12.937Z",
        "focal_point_x": null,
        "focal_point_y": null,
        "height": 1456,
        "width": 2592,
        "file": "original_images/VP_2015_09_25.jpg",
        "file_size": 918093,
        "uploaded_by_user": [
            "admin"
        ]
    },
    "model": "wagtailimages.image",
    "pk": 124
},
{
    "fields": {
        "focal_point_width": null,
        "title": "VP_2015_09_26.jpg",
        "focal_point_height": null,
        "created_at": "2015-10-06T20:33:13.211Z",
        "focal_point_x": null,
        "focal_point_y": null,
        "height": 1456,
        "width": 2592,
        "file": "original_images/VP_2015_09_26.jpg",
        "file_size": 1184708,
        "uploaded_by_user": [
            "admin"
        ]
    },
    "model": "wagtailimages.image",
    "pk": 125
},
{
    "fields": {
        "focal_point_width": null,
        "title": "VP_2015_09_27.jpg",
        "focal_point_height": null,
        "created_at": "2015-10-06T20:33:13.444Z",
        "focal_point_x": null,
        "focal_point_y": null,
        "height": 2592,
        "width": 1456,
        "file": "original_images/VP_2015_09_27.jpg",
        "file_size": 1001749,
        "uploaded_by_user": [
            "admin"
        ]
    },
    "model": "wagtailimages.image",
    "pk": 126
},
{
    "fields": {
        "focal_point_width": null,
        "title": "VP_2015_09_28.jpg",
        "focal_point_height": null,
        "created_at": "2015-10-06T20:33:13.669Z",
        "focal_point_x": null,
        "focal_point_y": null,
        "height": 2592,
        "width": 1456,
        "file": "original_images/VP_2015_09_28.jpg",
        "file_size": 989616,
        "uploaded_by_user": [
            "admin"
        ]
    },
    "model": "wagtailimages.image",
    "pk": 127
},
{
    "fields": {
        "focal_point_width": null,
        "title": "VP_2015_09_29.jpg",
        "focal_point_height": null,
        "created_at": "2015-10-06T20:33:13.925Z",
        "focal_point_x": null,
        "focal_point_y": null,
        "height": 2592,
        "width": 1456,
        "file": "original_images/VP_2015_09_29.jpg",
        "file_size": 985260,
        "uploaded_by_user": [
            "admin"
        ]
    },
    "model": "wagtailimages.image",
    "pk": 128
},
{
    "fields": {
        "focal_point_width": null,
        "title": "VP_2015_09_30.jpg",
        "focal_point_height": null,
        "created_at": "2015-10-06T20:33:14.183Z",
        "focal_point_x": null,
        "focal_point_y": null,
        "height": 2592,
        "width": 1456,
        "file": "original_images/VP_2015_09_30.jpg",
        "file_size": 1074709,
        "uploaded_by_user": [
            "admin"
        ]
    },
    "model": "wagtailimages.image",
    "pk": 129
},
{
    "fields": {
        "focal_point_width": null,
        "title": "VP_2015_09_31.jpg",
        "focal_point_height": null,
        "created_at": "2015-10-06T20:33:14.514Z",
        "focal_point_x": null,
        "focal_point_y": null,
        "height": 1456,
        "width": 2592,
        "file": "original_images/VP_2015_09_31.jpg",
        "file_size": 1087778,
        "uploaded_by_user": [
            "admin"
        ]
    },
    "model": "wagtailimages.image",
    "pk": 130
},
{
    "fields": {
        "focal_point_width": null,
        "title": "VP_2015_09_32.jpg",
        "focal_point_height": null,
        "created_at": "2015-10-06T20:33:14.769Z",
        "focal_point_x": null,
        "focal_point_y": null,
        "height": 2592,
        "width": 1456,
        "file": "original_images/VP_2015_09_32.jpg",
        "file_size": 1145826,
        "uploaded_by_user": [
            "admin"
        ]
    },
    "model": "wagtailimages.image",
    "pk": 131
},
{
    "fields": {
        "focal_point_width": null,
        "title": "VP_2015_09_33.jpg",
        "focal_point_height": null,
        "created_at": "2015-10-06T20:33:15.013Z",
        "focal_point_x": null,
        "focal_point_y": null,
        "height": 2592,
        "width": 1456,
        "file": "original_images/VP_2015_09_33.jpg",
        "file_size": 1035693,
        "uploaded_by_user": [
            "admin"
        ]
    },
    "model": "wagtailimages.image",
    "pk": 132
},
{
    "fields": {
        "focal_point_width": null,
        "title": "VP_2015_09_34.jpg",
        "focal_point_height": null,
        "created_at": "2015-10-06T20:33:15.263Z",
        "focal_point_x": null,
        "focal_point_y": null,
        "height": 1456,
        "width": 2592,
        "file": "original_images/VP_2015_09_34.jpg",
        "file_size": 1166096,
        "uploaded_by_user": [
            "admin"
        ]
    },
    "model": "wagtailimages.image",
    "pk": 133
},
{
    "fields": {
        "focal_point_width": null,
        "title": "VP_2015_09_35.jpg",
        "focal_point_height": null,
        "created_at": "2015-10-06T20:33:15.526Z",
        "focal_point_x": null,
        "focal_point_y": null,
        "height": 2592,
        "width": 1456,
        "file": "original_images/VP_2015_09_35.jpg",
        "file_size": 946585,
        "uploaded_by_user": [
            "admin"
        ]
    },
    "model": "wagtailimages.image",
    "pk": 134
},
{
    "fields": {
        "focal_point_width": null,
        "title": "VP_2015_09_36.jpg",
        "focal_point_height": null,
        "created_at": "2015-10-06T20:33:15.837Z",
        "focal_point_x": null,
        "focal_point_y": null,
        "height": 1456,
        "width": 2592,
        "file": "original_images/VP_2015_09_36.jpg",
        "file_size": 1141655,
        "uploaded_by_user": [
            "admin"
        ]
    },
    "model": "wagtailimages.image",
    "pk": 135
},
{
    "fields": {
        "focal_point_width": null,
        "title": "VP_2015_09_37.jpg",
        "focal_point_height": null,
        "created_at": "2015-10-06T20:33:16.152Z",
        "focal_point_x": null,
        "focal_point_y": null,
        "height": 1456,
        "width": 2592,
        "file": "original_images/VP_2015_09_37.jpg",
        "file_size": 1066821,
        "uploaded_by_user": [
            "admin"
        ]
    },
    "model": "wagtailimages.image",
    "pk": 136
},
{
    "fields": {
        "focal_point_width": null,
        "title": "VP_2015_09_38.jpg",
        "focal_point_height": null,
        "created_at": "2015-10-06T20:33:16.452Z",
        "focal_point_x": null,
        "focal_point_y": null,
        "height": 1456,
        "width": 2592,
        "file": "original_images/VP_2015_09_38.jpg",
        "file_size": 918634,
        "uploaded_by_user": [
            "admin"
        ]
    },
    "model": "wagtailimages.image",
    "pk": 137
},
{
    "fields": {
        "focal_point_width": null,
        "title": "VP_2015_09_39.jpg",
        "focal_point_height": null,
        "created_at": "2015-10-06T20:33:16.766Z",
        "focal_point_x": null,
        "focal_point_y": null,
        "height": 1456,
        "width": 2592,
        "file": "original_images/VP_2015_09_39.jpg",
        "file_size": 1351036,
        "uploaded_by_user": [
            "admin"
        ]
    },
    "model": "wagtailimages.image",
    "pk": 138
},
{
    "fields": {
        "focal_point_width": null,
        "title": "VP_2015_09_40.jpg",
        "focal_point_height": null,
        "created_at": "2015-10-06T20:33:17.084Z",
        "focal_point_x": null,
        "focal_point_y": null,
        "height": 1456,
        "width": 2592,
        "file": "original_images/VP_2015_09_40.jpg",
        "file_size": 1332007,
        "uploaded_by_user": [
            "admin"
        ]
    },
    "model": "wagtailimages.image",
    "pk": 139
},
{
    "fields": {
        "focal_point_width": null,
        "title": "VP_2015_09_41.jpg",
        "focal_point_height": null,
        "created_at": "2015-10-06T20:33:17.435Z",
        "focal_point_x": null,
        "focal_point_y": null,
        "height": 1456,
        "width": 2592,
        "file": "original_images/VP_2015_09_41.jpg",
        "file_size": 1355848,
        "uploaded_by_user": [
            "admin"
        ]
    },
    "model": "wagtailimages.image",
    "pk": 140
},
{
    "fields": {
        "focal_point_width": null,
        "title": "VP_2015_09_42.jpg",
        "focal_point_height": null,
        "created_at": "2015-10-06T20:33:17.774Z",
        "focal_point_x": null,
        "focal_point_y": null,
        "height": 2592,
        "width": 1456,
        "file": "original_images/VP_2015_09_42.jpg",
        "file_size": 1395533,
        "uploaded_by_user": [
            "admin"
        ]
    },
    "model": "wagtailimages.image",
    "pk": 141
},
{
    "fields": {
        "focal_point_width": null,
        "title": "VP_2015_09_43.jpg",
        "focal_point_height": null,
        "created_at": "2015-10-06T20:33:18.146Z",
        "focal_point_x": null,
        "focal_point_y": null,
        "height": 2592,
        "width": 1456,
        "file": "original_images/VP_2015_09_43.jpg",
        "file_size": 1363902,
        "uploaded_by_user": [
            "admin"
        ]
    },
    "model": "wagtailimages.image",
    "pk": 142
},
{
    "fields": {
        "focal_point_width": null,
        "title": "VP_2015_10_1.jpg",
        "focal_point_height": null,
        "created_at": "2015-10-06T20:33:18.639Z",
        "focal_point_x": null,
        "focal_point_y": null,
        "height": 1536,
        "width": 2560,
        "file": "original_images/VP_2015_10_1.jpg",
        "file_size": 1172767,
        "uploaded_by_user": [
            "admin"
        ]
    },
    "model": "wagtailimages.image",
    "pk": 143
},
{
    "fields": {
        "focal_point_width": null,
        "title": "VP_2015_10_2.jpg",
        "focal_point_height": null,
        "created_at": "2015-10-06T20:33:18.962Z",
        "focal_point_x": null,
        "focal_point_y": null,
        "height": 1536,
        "width": 2560,
        "file": "original_images/VP_2015_10_2.jpg",
        "file_size": 1154419,
        "uploaded_by_user": [
            "admin"
        ]
    },
    "model": "wagtailimages.image",
    "pk": 144
},
{
    "fields": {
        "focal_point_width": null,
        "title": "VP_2015_10_3.jpg",
        "focal_point_height": null,
        "created_at": "2015-10-06T20:33:19.409Z",
        "focal_point_x": null,
        "focal_point_y": null,
        "height": 1536,
        "width": 2560,
        "file": "original_images/VP_2015_10_3.jpg",
        "file_size": 1179721,
        "uploaded_by_user": [
            "admin"
        ]
    },
    "model": "wagtailimages.image",
    "pk": 145
},
{
    "fields": {
        "focal_point_width": null,
        "title": "VP_2015_10_4.jpg",
        "focal_point_height": null,
        "created_at": "2015-10-06T20:33:20.058Z",
        "focal_point_x": null,
        "focal_point_y": null,
        "height": 1536,
        "width": 2560,
        "file": "original_images/VP_2015_10_4.jpg",
        "file_size": 1134831,
        "uploaded_by_user": [
            "admin"
        ]
    },
    "model": "wagtailimages.image",
    "pk": 146
},
{
    "fields": {
        "focal_point_width": null,
        "title": "VP_2015_10_5.jpg",
        "focal_point_height": null,
        "created_at": "2015-10-06T20:33:20.688Z",
        "focal_point_x": null,
        "focal_point_y": null,
        "height": 1536,
        "width": 2560,
        "file": "original_images/VP_2015_10_5.jpg",
        "file_size": 1190617,
        "uploaded_by_user": [
            "admin"
        ]
    },
    "model": "wagtailimages.image",
    "pk": 147
},
{
    "fields": {
        "focal_point_width": null,
        "title": "VP_2015_10_6.jpg",
        "focal_point_height": null,
        "created_at": "2015-10-06T20:33:21.149Z",
        "focal_point_x": null,
        "focal_point_y": null,
        "height": 1536,
        "width": 2560,
        "file": "original_images/VP_2015_10_6.jpg",
        "file_size": 1218920,
        "uploaded_by_user": [
            "admin"
        ]
    },
    "model": "wagtailimages.image",
    "pk": 148
},
{
    "fields": {
        "focal_point_width": null,
        "title": "VP_2015_10_7.jpg",
        "focal_point_height": null,
        "created_at": "2015-10-06T20:33:21.925Z",
        "focal_point_x": null,
        "focal_point_y": null,
        "height": 1536,
        "width": 2560,
        "file": "original_images/VP_2015_10_7.jpg",
        "file_size": 1167779,
        "uploaded_by_user": [
            "admin"
        ]
    },
    "model": "wagtailimages.image",
    "pk": 149
},
{
    "fields": {
        "focal_point_width": null,
        "title": "VP_2015_10_8.jpg",
        "focal_point_height": null,
        "created_at": "2015-10-06T20:33:22.309Z",
        "focal_point_x": null,
        "focal_point_y": null,
        "height": 1536,
        "width": 2560,
        "file": "original_images/VP_2015_10_8.jpg",
        "file_size": 1173146,
        "uploaded_by_user": [
            "admin"
        ]
    },
    "model": "wagtailimages.image",
    "pk": 150
},
{
    "fields": {
        "focal_point_width": null,
        "title": "VP_2015_10_9.jpg",
        "focal_point_height": null,
        "created_at": "2015-10-06T20:33:22.706Z",
        "focal_point_x": null,
        "focal_point_y": null,
        "height": 1536,
        "width": 2560,
        "file": "original_images/VP_2015_10_9.jpg",
        "file_size": 1120525,
        "uploaded_by_user": [
            "admin"
        ]
    },
    "model": "wagtailimages.image",
    "pk": 151
},
{
    "fields": {
        "focal_point_width": null,
        "title": "VP_2015_10_10.jpg",
        "focal_point_height": null,
        "created_at": "2015-10-06T20:33:22.967Z",
        "focal_point_x": null,
        "focal_point_y": null,
        "height": 1536,
        "width": 2560,
        "file": "original_images/VP_2015_10_10.jpg",
        "file_size": 1127638,
        "uploaded_by_user": [
            "admin"
        ]
    },
    "model": "wagtailimages.image",
    "pk": 152
},
{
    "fields": {
        "focal_point_width": null,
        "title": "VP_2015_10_11.jpg",
        "focal_point_height": null,
        "created_at": "2015-10-06T20:33:23.418Z",
        "focal_point_x": null,
        "focal_point_y": null,
        "height": 1536,
        "width": 2560,
        "file": "original_images/VP_2015_10_11.jpg",
        "file_size": 1249262,
        "uploaded_by_user": [
            "admin"
        ]
    },
    "model": "wagtailimages.image",
    "pk": 153
},
{
    "fields": {
        "focal_point_width": null,
        "title": "VP_2015_10_12.jpg",
        "focal_point_height": null,
        "created_at": "2015-10-06T20:33:23.609Z",
        "focal_point_x": null,
        "focal_point_y": null,
        "height": 1536,
        "width": 2560,
        "file": "original_images/VP_2015_10_12.jpg",
        "file_size": 750508,
        "uploaded_by_user": [
            "admin"
        ]
    },
    "model": "wagtailimages.image",
    "pk": 154
},
{
    "fields": {
        "focal_point_width": null,
        "title": "VP_2015_10_13.jpg",
        "focal_point_height": null,
        "created_at": "2015-10-06T20:33:23.997Z",
        "focal_point_x": null,
        "focal_point_y": null,
        "height": 1536,
        "width": 2560,
        "file": "original_images/VP_2015_10_13.jpg",
        "file_size": 790629,
        "uploaded_by_user": [
            "admin"
        ]
    },
    "model": "wagtailimages.image",
    "pk": 155
},
{
    "fields": {
        "focal_point_width": null,
        "title": "VP_2015_10_14.jpg",
        "focal_point_height": null,
        "created_at": "2015-10-06T20:33:24.184Z",
        "focal_point_x": null,
        "focal_point_y": null,
        "height": 1536,
        "width": 2560,
        "file": "original_images/VP_2015_10_14.jpg",
        "file_size": 750513,
        "uploaded_by_user": [
            "admin"
        ]
    },
    "model": "wagtailimages.image",
    "pk": 156
},
{
    "fields": {
        "focal_point_width": null,
        "title": "VP_2015_10_15.jpg",
        "focal_point_height": null,
        "created_at": "2015-10-06T20:33:24.321Z",
        "focal_point_x": null,
        "focal_point_y": null,
        "height": 1536,
        "width": 2560,
        "file": "original_images/VP_2015_10_15.jpg",
        "file_size": 746922,
        "uploaded_by_user": [
            "admin"
        ]
    },
    "model": "wagtailimages.image",
    "pk": 157
},
{
    "fields": {
        "focal_point_width": null,
        "title": "VP_2015_10_16.jpg",
        "focal_point_height": null,
        "created_at": "2015-10-06T20:33:24.684Z",
        "focal_point_x": null,
        "focal_point_y": null,
        "height": 1536,
        "width": 2560,
        "file": "original_images/VP_2015_10_16.jpg",
        "file_size": 755770,
        "uploaded_by_user": [
            "admin"
        ]
    },
    "model": "wagtailimages.image",
    "pk": 158
},
{
    "fields": {
        "focal_point_width": null,
        "title": "VP_2015_10_17.jpg",
        "focal_point_height": null,
        "created_at": "2015-10-06T20:33:26.089Z",
        "focal_point_x": null,
        "focal_point_y": null,
        "height": 1536,
        "width": 2560,
        "file": "original_images/VP_2015_10_17.jpg",
        "file_size": 735207,
        "uploaded_by_user": [
            "admin"
        ]
    },
    "model": "wagtailimages.image",
    "pk": 159
},
{
    "fields": {
        "focal_point_width": null,
        "title": "VP_2015_10_18.jpg",
        "focal_point_height": null,
        "created_at": "2015-10-06T20:33:26.409Z",
        "focal_point_x": null,
        "focal_point_y": null,
        "height": 1536,
        "width": 2560,
        "file": "original_images/VP_2015_10_18.jpg",
        "file_size": 779487,
        "uploaded_by_user": [
            "admin"
        ]
    },
    "model": "wagtailimages.image",
    "pk": 160
},
{
    "fields": {
        "focal_point_width": null,
        "title": "VP_2015_10_19.jpg",
        "focal_point_height": null,
        "created_at": "2015-10-06T20:33:26.689Z",
        "focal_point_x": null,
        "focal_point_y": null,
        "height": 1536,
        "width": 2560,
        "file": "original_images/VP_2015_10_19.jpg",
        "file_size": 1001786,
        "uploaded_by_user": [
            "admin"
        ]
    },
    "model": "wagtailimages.image",
    "pk": 161
},
{
    "fields": {
        "focal_point_width": null,
        "title": "VP_2015_10_20.jpg",
        "focal_point_height": null,
        "created_at": "2015-10-06T20:33:26.914Z",
        "focal_point_x": null,
        "focal_point_y": null,
        "height": 1536,
        "width": 2560,
        "file": "original_images/VP_2015_10_20.jpg",
        "file_size": 1028738,
        "uploaded_by_user": [
            "admin"
        ]
    },
    "model": "wagtailimages.image",
    "pk": 162
},
{
    "fields": {
        "focal_point_width": null,
        "title": "VP_2015_10_21.jpg",
        "focal_point_height": null,
        "created_at": "2015-10-06T20:33:27.164Z",
        "focal_point_x": null,
        "focal_point_y": null,
        "height": 1536,
        "width": 2560,
        "file": "original_images/VP_2015_10_21.jpg",
        "file_size": 1039563,
        "uploaded_by_user": [
            "admin"
        ]
    },
    "model": "wagtailimages.image",
    "pk": 163
},
{
    "fields": {
        "focal_point_width": null,
        "title": "VP_2015_10_22.jpg",
        "focal_point_height": null,
        "created_at": "2015-10-06T20:33:27.497Z",
        "focal_point_x": null,
        "focal_point_y": null,
        "height": 1536,
        "width": 2560,
        "file": "original_images/VP_2015_10_22.jpg",
        "file_size": 1109050,
        "uploaded_by_user": [
            "admin"
        ]
    },
    "model": "wagtailimages.image",
    "pk": 164
},
{
    "fields": {
        "focal_point_width": null,
        "title": "VP_2015_10_23.jpg",
        "focal_point_height": null,
        "created_at": "2015-10-06T20:33:27.690Z",
        "focal_point_x": null,
        "focal_point_y": null,
        "height": 1536,
        "width": 2560,
        "file": "original_images/VP_2015_10_23.jpg",
        "file_size": 1269684,
        "uploaded_by_user": [
            "admin"
        ]
    },
    "model": "wagtailimages.image",
    "pk": 165
},
{
    "fields": {
        "focal_point_width": null,
        "title": "VP_2015_10_24.jpg",
        "focal_point_height": null,
        "created_at": "2015-10-06T20:33:27.859Z",
        "focal_point_x": null,
        "focal_point_y": null,
        "height": 1536,
        "width": 2560,
        "file": "original_images/VP_2015_10_24.jpg",
        "file_size": 1157193,
        "uploaded_by_user": [
            "admin"
        ]
    },
    "model": "wagtailimages.image",
    "pk": 166
},
{
    "fields": {
        "focal_point_width": null,
        "title": "VP_2015_10_25.jpg",
        "focal_point_height": null,
        "created_at": "2015-10-06T20:33:28.049Z",
        "focal_point_x": null,
        "focal_point_y": null,
        "height": 1536,
        "width": 2560,
        "file": "original_images/VP_2015_10_25.jpg",
        "file_size": 1698902,
        "uploaded_by_user": [
            "admin"
        ]
    },
    "model": "wagtailimages.image",
    "pk": 167
},
{
    "fields": {
        "focal_point_width": null,
        "title": "VP_2015_10_26.jpg",
        "focal_point_height": null,
        "created_at": "2015-10-06T20:33:28.231Z",
        "focal_point_x": null,
        "focal_point_y": null,
        "height": 1536,
        "width": 2560,
        "file": "original_images/VP_2015_10_26.jpg",
        "file_size": 1753117,
        "uploaded_by_user": [
            "admin"
        ]
    },
    "model": "wagtailimages.image",
    "pk": 168
},
{
    "fields": {
        "focal_point_width": null,
        "title": "VP_2015_10_27.jpg",
        "focal_point_height": null,
        "created_at": "2015-10-06T20:33:28.477Z",
        "focal_point_x": null,
        "focal_point_y": null,
        "height": 1536,
        "width": 2560,
        "file": "original_images/VP_2015_10_27.jpg",
        "file_size": 1747830,
        "uploaded_by_user": [
            "admin"
        ]
    },
    "model": "wagtailimages.image",
    "pk": 169
},
{
    "fields": {
        "focal_point_width": null,
        "title": "VP_2015_10_28.jpg",
        "focal_point_height": null,
        "created_at": "2015-10-06T20:33:28.628Z",
        "focal_point_x": null,
        "focal_point_y": null,
        "height": 1536,
        "width": 2560,
        "file": "original_images/VP_2015_10_28.jpg",
        "file_size": 1670714,
        "uploaded_by_user": [
            "admin"
        ]
    },
    "model": "wagtailimages.image",
    "pk": 170
},
{
    "fields": {
        "focal_point_width": null,
        "title": "VP_2015_10_29.jpg",
        "focal_point_height": null,
        "created_at": "2015-10-06T20:33:28.921Z",
        "focal_point_x": null,
        "focal_point_y": null,
        "height": 1536,
        "width": 2560,
        "file": "original_images/VP_2015_10_29.jpg",
        "file_size": 1632722,
        "uploaded_by_user": [
            "admin"
        ]
    },
    "model": "wagtailimages.image",
    "pk": 171
},
{
    "fields": {
        "focal_point_width": null,
        "title": "VP_2015_10_30.jpg",
        "focal_point_height": null,
        "created_at": "2015-10-06T20:33:29.488Z",
        "focal_point_x": null,
        "focal_point_y": null,
        "height": 1536,
        "width": 2560,
        "file": "original_images/VP_2015_10_30.jpg",
        "file_size": 1691958,
        "uploaded_by_user": [
            "admin"
        ]
    },
    "model": "wagtailimages.image",
    "pk": 172
},
{
    "fields": {
        "focal_point_width": null,
        "title": "VP_2015_10_31.jpg",
        "focal_point_height": null,
        "created_at": "2015-10-06T20:33:29.967Z",
        "focal_point_x": null,
        "focal_point_y": null,
        "height": 1536,
        "width": 2560,
        "file": "original_images/VP_2015_10_31.jpg",
        "file_size": 1693040,
        "uploaded_by_user": [
            "admin"
        ]
    },
    "model": "wagtailimages.image",
    "pk": 173
},
{
    "fields": {
        "focal_point_width": null,
        "title": "VP_2015_10_32.jpg",
        "focal_point_height": null,
        "created_at": "2015-10-06T20:33:30.384Z",
        "focal_point_x": null,
        "focal_point_y": null,
        "height": 1536,
        "width": 2560,
        "file": "original_images/VP_2015_10_32.jpg",
        "file_size": 1582096,
        "uploaded_by_user": [
            "admin"
        ]
    },
    "model": "wagtailimages.image",
    "pk": 174
},
{
    "fields": {
        "focal_point_width": null,
        "title": "VP_2015_10_33.jpg",
        "focal_point_height": null,
        "created_at": "2015-10-06T20:33:30.733Z",
        "focal_point_x": null,
        "focal_point_y": null,
        "height": 1536,
        "width": 2560,
        "file": "original_images/VP_2015_10_33.jpg",
        "file_size": 1621741,
        "uploaded_by_user": [
            "admin"
        ]
    },
    "model": "wagtailimages.image",
    "pk": 175
},
{
    "fields": {
        "focal_point_width": null,
        "title": "VP_2015_10_34.jpg",
        "focal_point_height": null,
        "created_at": "2015-10-06T20:33:31.022Z",
        "focal_point_x": null,
        "focal_point_y": null,
        "height": 1536,
        "width": 2560,
        "file": "original_images/VP_2015_10_34.jpg",
        "file_size": 1161787,
        "uploaded_by_user": [
            "admin"
        ]
    },
    "model": "wagtailimages.image",
    "pk": 176
},
{
    "fields": {
        "focal_point_width": null,
        "title": "VP_2015_10_35.jpg",
        "focal_point_height": null,
        "created_at": "2015-10-06T20:33:31.331Z",
        "focal_point_x": null,
        "focal_point_y": null,
        "height": 1536,
        "width": 2560,
        "file": "original_images/VP_2015_10_35.jpg",
        "file_size": 1191912,
        "uploaded_by_user": [
            "admin"
        ]
    },
    "model": "wagtailimages.image",
    "pk": 177
},
{
    "fields": {
        "focal_point_width": null,
        "title": "VP_2015_10_36.jpg",
        "focal_point_height": null,
        "created_at": "2015-10-06T20:33:31.785Z",
        "focal_point_x": null,
        "focal_point_y": null,
        "height": 1536,
        "width": 2560,
        "file": "original_images/VP_2015_10_36.jpg",
        "file_size": 1461917,
        "uploaded_by_user": [
            "admin"
        ]
    },
    "model": "wagtailimages.image",
    "pk": 178
},
{
    "fields": {
        "focal_point_width": null,
        "title": "VP_2015_10_37.jpg",
        "focal_point_height": null,
        "created_at": "2015-10-06T20:33:32.151Z",
        "focal_point_x": null,
        "focal_point_y": null,
        "height": 1536,
        "width": 2560,
        "file": "original_images/VP_2015_10_37.jpg",
        "file_size": 1492994,
        "uploaded_by_user": [
            "admin"
        ]
    },
    "model": "wagtailimages.image",
    "pk": 179
},
{
    "fields": {
        "focal_point_width": null,
        "title": "VP_2015_10_38.jpg",
        "focal_point_height": null,
        "created_at": "2015-10-06T20:33:32.660Z",
        "focal_point_x": null,
        "focal_point_y": null,
        "height": 1536,
        "width": 2560,
        "file": "original_images/VP_2015_10_38.jpg",
        "file_size": 1427518,
        "uploaded_by_user": [
            "admin"
        ]
    },
    "model": "wagtailimages.image",
    "pk": 180
},
{
    "fields": {
        "focal_point_width": null,
        "title": "VP_2015_10_39.jpg",
        "focal_point_height": null,
        "created_at": "2015-10-06T20:33:32.921Z",
        "focal_point_x": null,
        "focal_point_y": null,
        "height": 1536,
        "width": 2560,
        "file": "original_images/VP_2015_10_39.jpg",
        "file_size": 1467620,
        "uploaded_by_user": [
            "admin"
        ]
    },
    "model": "wagtailimages.image",
    "pk": 181
},
{
    "fields": {
        "focal_point_width": null,
        "title": "VP_2015_10_40.jpg",
        "focal_point_height": null,
        "created_at": "2015-10-06T20:33:33.329Z",
        "focal_point_x": null,
        "focal_point_y": null,
        "height": 1536,
        "width": 2560,
        "file": "original_images/VP_2015_10_40.jpg",
        "file_size": 1074595,
        "uploaded_by_user": [
            "admin"
        ]
    },
    "model": "wagtailimages.image",
    "pk": 182
},
{
    "fields": {
        "focal_point_width": null,
        "title": "VP_2015_10_41.jpg",
        "focal_point_height": null,
        "created_at": "2015-10-06T20:33:33.700Z",
        "focal_point_x": null,
        "focal_point_y": null,
        "height": 1536,
        "width": 2560,
        "file": "original_images/VP_2015_10_41.jpg",
        "file_size": 1091227,
        "uploaded_by_user": [
            "admin"
        ]
    },
    "model": "wagtailimages.image",
    "pk": 183
},
{
    "fields": {
        "focal_point_width": null,
        "title": "VP_2015_10_42.jpg",
        "focal_point_height": null,
        "created_at": "2015-10-06T20:33:34.010Z",
        "focal_point_x": null,
        "focal_point_y": null,
        "height": 1536,
        "width": 2560,
        "file": "original_images/VP_2015_10_42.jpg",
        "file_size": 1153115,
        "uploaded_by_user": [
            "admin"
        ]
    },
    "model": "wagtailimages.image",
    "pk": 184
},
{
    "fields": {
        "focal_point_width": null,
        "title": "VP_2015_10_43.jpg",
        "focal_point_height": null,
        "created_at": "2015-10-06T20:33:34.652Z",
        "focal_point_x": null,
        "focal_point_y": null,
        "height": 1536,
        "width": 2560,
        "file": "original_images/VP_2015_10_43.jpg",
        "file_size": 1119232,
        "uploaded_by_user": [
            "admin"
        ]
    },
    "model": "wagtailimages.image",
    "pk": 185
},
{
    "fields": {
        "focal_point_width": null,
        "title": "VP_2015_10_44.jpg",
        "focal_point_height": null,
        "created_at": "2015-10-06T20:33:34.934Z",
        "focal_point_x": null,
        "focal_point_y": null,
        "height": 1536,
        "width": 2560,
        "file": "original_images/VP_2015_10_44.jpg",
        "file_size": 1108156,
        "uploaded_by_user": [
            "admin"
        ]
    },
    "model": "wagtailimages.image",
    "pk": 186
},
{
    "fields": {
        "focal_point_width": null,
        "title": "VP_2015_10_45.jpg",
        "focal_point_height": null,
        "created_at": "2015-10-06T20:33:35.280Z",
        "focal_point_x": null,
        "focal_point_y": null,
        "height": 1536,
        "width": 2560,
        "file": "original_images/VP_2015_10_45.jpg",
        "file_size": 1099754,
        "uploaded_by_user": [
            "admin"
        ]
    },
    "model": "wagtailimages.image",
    "pk": 187
},
{
    "fields": {
        "focal_point_width": null,
        "title": "VP_2015_10_46.jpg",
        "focal_point_height": null,
        "created_at": "2015-10-06T20:33:35.998Z",
        "focal_point_x": null,
        "focal_point_y": null,
        "height": 1536,
        "width": 2560,
        "file": "original_images/VP_2015_10_46.jpg",
        "file_size": 1457351,
        "uploaded_by_user": [
            "admin"
        ]
    },
    "model": "wagtailimages.image",
    "pk": 188
},
{
    "fields": {
        "focal_point_width": null,
        "title": "VP_2015_10_47.jpg",
        "focal_point_height": null,
        "created_at": "2015-10-06T20:33:36.380Z",
        "focal_point_x": null,
        "focal_point_y": null,
        "height": 1536,
        "width": 2560,
        "file": "original_images/VP_2015_10_47.jpg",
        "file_size": 1428830,
        "uploaded_by_user": [
            "admin"
        ]
    },
    "model": "wagtailimages.image",
    "pk": 189
},
{
    "fields": {
        "focal_point_width": null,
        "title": "VP_2015_10_48.jpg",
        "focal_point_height": null,
        "created_at": "2015-10-06T20:33:36.904Z",
        "focal_point_x": null,
        "focal_point_y": null,
        "height": 1536,
        "width": 2560,
        "file": "original_images/VP_2015_10_48.jpg",
        "file_size": 1435910,
        "uploaded_by_user": [
            "admin"
        ]
    },
    "model": "wagtailimages.image",
    "pk": 190
},
{
    "fields": {
        "focal_point_width": null,
        "title": "VP_2015_10_49.jpg",
        "focal_point_height": null,
        "created_at": "2015-10-06T20:33:37.562Z",
        "focal_point_x": null,
        "focal_point_y": null,
        "height": 1536,
        "width": 2560,
        "file": "original_images/VP_2015_10_49.jpg",
        "file_size": 1380650,
        "uploaded_by_user": [
            "admin"
        ]
    },
    "model": "wagtailimages.image",
    "pk": 191
},
{
    "fields": {
        "focal_point_width": null,
        "title": "VP_2015_10_50.jpg",
        "focal_point_height": null,
        "created_at": "2015-10-06T20:33:38.036Z",
        "focal_point_x": null,
        "focal_point_y": null,
        "height": 1536,
        "width": 2560,
        "file": "original_images/VP_2015_10_50.jpg",
        "file_size": 1438672,
        "uploaded_by_user": [
            "admin"
        ]
    },
    "model": "wagtailimages.image",
    "pk": 192
},
{
    "fields": {
        "focal_point_width": null,
        "title": "VP_2015_10_51.jpg",
        "focal_point_height": null,
        "created_at": "2015-10-06T20:33:38.333Z",
        "focal_point_x": null,
        "focal_point_y": null,
        "height": 1536,
        "width": 2560,
        "file": "original_images/VP_2015_10_51.jpg",
        "file_size": 1381340,
        "uploaded_by_user": [
            "admin"
        ]
    },
    "model": "wagtailimages.image",
    "pk": 193
},
{
    "fields": {
        "focal_point_width": null,
        "title": "VP_2015_10_52.jpg",
        "focal_point_height": null,
        "created_at": "2015-10-06T20:33:38.717Z",
        "focal_point_x": null,
        "focal_point_y": null,
        "height": 1536,
        "width": 2560,
        "file": "original_images/VP_2015_10_52.jpg",
        "file_size": 1379299,
        "uploaded_by_user": [
            "admin"
        ]
    },
    "model": "wagtailimages.image",
    "pk": 194
},
{
    "fields": {
        "focal_point_width": null,
        "title": "VP_2015_10_53.jpg",
        "focal_point_height": null,
        "created_at": "2015-10-06T20:33:39.219Z",
        "focal_point_x": null,
        "focal_point_y": null,
        "height": 1536,
        "width": 2560,
        "file": "original_images/VP_2015_10_53.jpg",
        "file_size": 1575685,
        "uploaded_by_user": [
            "admin"
        ]
    },
    "model": "wagtailimages.image",
    "pk": 195
},
{
    "fields": {
        "spec": "max-165x165"
    },
    "model": "wagtailimages.filter",
    "pk": 1
},
{
    "fields": {
        "spec": "max-130x100"
    },
    "model": "wagtailimages.filter",
    "pk": 2
},
{
    "fields": {
        "spec": "width-100"
    },
    "model": "wagtailimages.filter",
    "pk": 3
},
{
    "fields": {
        "spec": "width-1280"
    },
    "model": "wagtailimages.filter",
    "pk": 4
},
{
    "fields": {
        "image": 195,
        "focal_point_key": "",
        "filter": 1,
        "width": 165,
        "file": "images/VP_2015_10_53.max-165x165.jpg",
        "height": 99
    },
    "model": "wagtailimages.rendition",
    "pk": 1
},
{
    "fields": {
        "image": 194,
        "focal_point_key": "",
        "filter": 1,
        "width": 165,
        "file": "images/VP_2015_10_52.max-165x165.jpg",
        "height": 99
    },
    "model": "wagtailimages.rendition",
    "pk": 2
},
{
    "fields": {
        "image": 193,
        "focal_point_key": "",
        "filter": 1,
        "width": 165,
        "file": "images/VP_2015_10_51.max-165x165.jpg",
        "height": 99
    },
    "model": "wagtailimages.rendition",
    "pk": 3
},
{
    "fields": {
        "image": 192,
        "focal_point_key": "",
        "filter": 1,
        "width": 165,
        "file": "images/VP_2015_10_50.max-165x165.jpg",
        "height": 99
    },
    "model": "wagtailimages.rendition",
    "pk": 4
},
{
    "fields": {
        "image": 191,
        "focal_point_key": "",
        "filter": 1,
        "width": 165,
        "file": "images/VP_2015_10_49.max-165x165.jpg",
        "height": 99
    },
    "model": "wagtailimages.rendition",
    "pk": 5
},
{
    "fields": {
        "image": 190,
        "focal_point_key": "",
        "filter": 1,
        "width": 165,
        "file": "images/VP_2015_10_48.max-165x165.jpg",
        "height": 99
    },
    "model": "wagtailimages.rendition",
    "pk": 6
},
{
    "fields": {
        "image": 189,
        "focal_point_key": "",
        "filter": 1,
        "width": 165,
        "file": "images/VP_2015_10_47.max-165x165.jpg",
        "height": 99
    },
    "model": "wagtailimages.rendition",
    "pk": 7
},
{
    "fields": {
        "image": 188,
        "focal_point_key": "",
        "filter": 1,
        "width": 165,
        "file": "images/VP_2015_10_46.max-165x165.jpg",
        "height": 99
    },
    "model": "wagtailimages.rendition",
    "pk": 8
},
{
    "fields": {
        "image": 187,
        "focal_point_key": "",
        "filter": 1,
        "width": 165,
        "file": "images/VP_2015_10_45.max-165x165.jpg",
        "height": 99
    },
    "model": "wagtailimages.rendition",
    "pk": 9
},
{
    "fields": {
        "image": 186,
        "focal_point_key": "",
        "filter": 1,
        "width": 165,
        "file": "images/VP_2015_10_44.max-165x165.jpg",
        "height": 99
    },
    "model": "wagtailimages.rendition",
    "pk": 10
},
{
    "fields": {
        "image": 185,
        "focal_point_key": "",
        "filter": 1,
        "width": 165,
        "file": "images/VP_2015_10_43.max-165x165.jpg",
        "height": 99
    },
    "model": "wagtailimages.rendition",
    "pk": 11
},
{
    "fields": {
        "image": 184,
        "focal_point_key": "",
        "filter": 1,
        "width": 165,
        "file": "images/VP_2015_10_42.max-165x165.jpg",
        "height": 99
    },
    "model": "wagtailimages.rendition",
    "pk": 12
},
{
    "fields": {
        "image": 183,
        "focal_point_key": "",
        "filter": 1,
        "width": 165,
        "file": "images/VP_2015_10_41.max-165x165.jpg",
        "height": 99
    },
    "model": "wagtailimages.rendition",
    "pk": 13
},
{
    "fields": {
        "image": 182,
        "focal_point_key": "",
        "filter": 1,
        "width": 165,
        "file": "images/VP_2015_10_40.max-165x165.jpg",
        "height": 99
    },
    "model": "wagtailimages.rendition",
    "pk": 14
},
{
    "fields": {
        "image": 181,
        "focal_point_key": "",
        "filter": 1,
        "width": 165,
        "file": "images/VP_2015_10_39.max-165x165.jpg",
        "height": 99
    },
    "model": "wagtailimages.rendition",
    "pk": 15
},
{
    "fields": {
        "image": 180,
        "focal_point_key": "",
        "filter": 1,
        "width": 165,
        "file": "images/VP_2015_10_38.max-165x165.jpg",
        "height": 99
    },
    "model": "wagtailimages.rendition",
    "pk": 16
},
{
    "fields": {
        "image": 179,
        "focal_point_key": "",
        "filter": 1,
        "width": 165,
        "file": "images/VP_2015_10_37.max-165x165.jpg",
        "height": 99
    },
    "model": "wagtailimages.rendition",
    "pk": 17
},
{
    "fields": {
        "image": 178,
        "focal_point_key": "",
        "filter": 1,
        "width": 165,
        "file": "images/VP_2015_10_36.max-165x165.jpg",
        "height": 99
    },
    "model": "wagtailimages.rendition",
    "pk": 18
},
{
    "fields": {
        "image": 177,
        "focal_point_key": "",
        "filter": 1,
        "width": 165,
        "file": "images/VP_2015_10_35.max-165x165.jpg",
        "height": 99
    },
    "model": "wagtailimages.rendition",
    "pk": 19
},
{
    "fields": {
        "image": 176,
        "focal_point_key": "",
        "filter": 1,
        "width": 165,
        "file": "images/VP_2015_10_34.max-165x165.jpg",
        "height": 99
    },
    "model": "wagtailimages.rendition",
    "pk": 20
},
{
    "fields": {
        "image": 175,
        "focal_point_key": "",
        "filter": 1,
        "width": 165,
        "file": "images/VP_2015_10_33.max-165x165.jpg",
        "height": 99
    },
    "model": "wagtailimages.rendition",
    "pk": 21
},
{
    "fields": {
        "image": 174,
        "focal_point_key": "",
        "filter": 1,
        "width": 165,
        "file": "images/VP_2015_10_32.max-165x165.jpg",
        "height": 99
    },
    "model": "wagtailimages.rendition",
    "pk": 22
},
{
    "fields": {
        "image": 173,
        "focal_point_key": "",
        "filter": 1,
        "width": 165,
        "file": "images/VP_2015_10_31.max-165x165.jpg",
        "height": 99
    },
    "model": "wagtailimages.rendition",
    "pk": 23
},
{
    "fields": {
        "image": 172,
        "focal_point_key": "",
        "filter": 1,
        "width": 165,
        "file": "images/VP_2015_10_30.max-165x165.jpg",
        "height": 99
    },
    "model": "wagtailimages.rendition",
    "pk": 24
},
{
    "fields": {
        "image": 171,
        "focal_point_key": "",
        "filter": 1,
        "width": 165,
        "file": "images/VP_2015_10_29.max-165x165.jpg",
        "height": 99
    },
    "model": "wagtailimages.rendition",
    "pk": 25
},
{
    "fields": {
        "image": 170,
        "focal_point_key": "",
        "filter": 1,
        "width": 165,
        "file": "images/VP_2015_10_28.max-165x165.jpg",
        "height": 99
    },
    "model": "wagtailimages.rendition",
    "pk": 26
},
{
    "fields": {
        "image": 169,
        "focal_point_key": "",
        "filter": 1,
        "width": 165,
        "file": "images/VP_2015_10_27.max-165x165.jpg",
        "height": 99
    },
    "model": "wagtailimages.rendition",
    "pk": 27
},
{
    "fields": {
        "image": 168,
        "focal_point_key": "",
        "filter": 1,
        "width": 165,
        "file": "images/VP_2015_10_26.max-165x165.jpg",
        "height": 99
    },
    "model": "wagtailimages.rendition",
    "pk": 28
},
{
    "fields": {
        "image": 167,
        "focal_point_key": "",
        "filter": 1,
        "width": 165,
        "file": "images/VP_2015_10_25.max-165x165.jpg",
        "height": 99
    },
    "model": "wagtailimages.rendition",
    "pk": 29
},
{
    "fields": {
        "image": 166,
        "focal_point_key": "",
        "filter": 1,
        "width": 165,
        "file": "images/VP_2015_10_24.max-165x165.jpg",
        "height": 99
    },
    "model": "wagtailimages.rendition",
    "pk": 30
},
{
    "fields": {
        "image": 165,
        "focal_point_key": "",
        "filter": 1,
        "width": 165,
        "file": "images/VP_2015_10_23.max-165x165.jpg",
        "height": 99
    },
    "model": "wagtailimages.rendition",
    "pk": 31
},
{
    "fields": {
        "image": 164,
        "focal_point_key": "",
        "filter": 1,
        "width": 165,
        "file": "images/VP_2015_10_22.max-165x165.jpg",
        "height": 99
    },
    "model": "wagtailimages.rendition",
    "pk": 32
},
{
    "fields": {
        "image": 163,
        "focal_point_key": "",
        "filter": 1,
        "width": 165,
        "file": "images/VP_2015_10_21.max-165x165.jpg",
        "height": 99
    },
    "model": "wagtailimages.rendition",
    "pk": 33
},
{
    "fields": {
        "image": 162,
        "focal_point_key": "",
        "filter": 1,
        "width": 165,
        "file": "images/VP_2015_10_20.max-165x165.jpg",
        "height": 99
    },
    "model": "wagtailimages.rendition",
    "pk": 34
},
{
    "fields": {
        "image": 161,
        "focal_point_key": "",
        "filter": 1,
        "width": 165,
        "file": "images/VP_2015_10_19.max-165x165.jpg",
        "height": 99
    },
    "model": "wagtailimages.rendition",
    "pk": 35
},
{
    "fields": {
        "image": 160,
        "focal_point_key": "",
        "filter": 1,
        "width": 165,
        "file": "images/VP_2015_10_18.max-165x165.jpg",
        "height": 99
    },
    "model": "wagtailimages.rendition",
    "pk": 36
},
{
    "fields": {
        "image": 159,
        "focal_point_key": "",
        "filter": 1,
        "width": 165,
        "file": "images/VP_2015_10_17.max-165x165.jpg",
        "height": 99
    },
    "model": "wagtailimages.rendition",
    "pk": 37
},
{
    "fields": {
        "image": 158,
        "focal_point_key": "",
        "filter": 1,
        "width": 165,
        "file": "images/VP_2015_10_16.max-165x165.jpg",
        "height": 99
    },
    "model": "wagtailimages.rendition",
    "pk": 38
},
{
    "fields": {
        "image": 157,
        "focal_point_key": "",
        "filter": 1,
        "width": 165,
        "file": "images/VP_2015_10_15.max-165x165.jpg",
        "height": 99
    },
    "model": "wagtailimages.rendition",
    "pk": 39
},
{
    "fields": {
        "image": 156,
        "focal_point_key": "",
        "filter": 1,
        "width": 165,
        "file": "images/VP_2015_10_14.max-165x165.jpg",
        "height": 99
    },
    "model": "wagtailimages.rendition",
    "pk": 40
},
{
    "fields": {
        "image": 155,
        "focal_point_key": "",
        "filter": 1,
        "width": 165,
        "file": "images/VP_2015_10_13.max-165x165.jpg",
        "height": 99
    },
    "model": "wagtailimages.rendition",
    "pk": 41
},
{
    "fields": {
        "image": 154,
        "focal_point_key": "",
        "filter": 1,
        "width": 165,
        "file": "images/VP_2015_10_12.max-165x165.jpg",
        "height": 99
    },
    "model": "wagtailimages.rendition",
    "pk": 42
},
{
    "fields": {
        "image": 153,
        "focal_point_key": "",
        "filter": 1,
        "width": 165,
        "file": "images/VP_2015_10_11.max-165x165.jpg",
        "height": 99
    },
    "model": "wagtailimages.rendition",
    "pk": 43
},
{
    "fields": {
        "image": 152,
        "focal_point_key": "",
        "filter": 1,
        "width": 165,
        "file": "images/VP_2015_10_10.max-165x165.jpg",
        "height": 99
    },
    "model": "wagtailimages.rendition",
    "pk": 44
},
{
    "fields": {
        "image": 151,
        "focal_point_key": "",
        "filter": 1,
        "width": 165,
        "file": "images/VP_2015_10_9.max-165x165.jpg",
        "height": 99
    },
    "model": "wagtailimages.rendition",
    "pk": 45
},
{
    "fields": {
        "image": 150,
        "focal_point_key": "",
        "filter": 1,
        "width": 165,
        "file": "images/VP_2015_10_8.max-165x165.jpg",
        "height": 99
    },
    "model": "wagtailimages.rendition",
    "pk": 46
},
{
    "fields": {
        "image": 149,
        "focal_point_key": "",
        "filter": 1,
        "width": 165,
        "file": "images/VP_2015_10_7.max-165x165.jpg",
        "height": 99
    },
    "model": "wagtailimages.rendition",
    "pk": 47
},
{
    "fields": {
        "image": 148,
        "focal_point_key": "",
        "filter": 1,
        "width": 165,
        "file": "images/VP_2015_10_6.max-165x165.jpg",
        "height": 99
    },
    "model": "wagtailimages.rendition",
    "pk": 48
},
{
    "fields": {
        "image": 147,
        "focal_point_key": "",
        "filter": 1,
        "width": 165,
        "file": "images/VP_2015_10_5.max-165x165.jpg",
        "height": 99
    },
    "model": "wagtailimages.rendition",
    "pk": 49
},
{
    "fields": {
        "image": 146,
        "focal_point_key": "",
        "filter": 1,
        "width": 165,
        "file": "images/VP_2015_10_4.max-165x165.jpg",
        "height": 99
    },
    "model": "wagtailimages.rendition",
    "pk": 50
},
{
    "fields": {
        "image": 145,
        "focal_point_key": "",
        "filter": 1,
        "width": 165,
        "file": "images/VP_2015_10_3.max-165x165.jpg",
        "height": 99
    },
    "model": "wagtailimages.rendition",
    "pk": 51
},
{
    "fields": {
        "image": 144,
        "focal_point_key": "",
        "filter": 1,
        "width": 165,
        "file": "images/VP_2015_10_2.max-165x165.jpg",
        "height": 99
    },
    "model": "wagtailimages.rendition",
    "pk": 52
},
{
    "fields": {
        "image": 143,
        "focal_point_key": "",
        "filter": 1,
        "width": 165,
        "file": "images/VP_2015_10_1.max-165x165.jpg",
        "height": 99
    },
    "model": "wagtailimages.rendition",
    "pk": 53
},
{
    "fields": {
        "image": 142,
        "focal_point_key": "",
        "filter": 1,
        "width": 92,
        "file": "images/VP_2015_09_43.max-165x165.jpg",
        "height": 165
    },
    "model": "wagtailimages.rendition",
    "pk": 54
},
{
    "fields": {
        "image": 141,
        "focal_point_key": "",
        "filter": 1,
        "width": 92,
        "file": "images/VP_2015_09_42.max-165x165.jpg",
        "height": 165
    },
    "model": "wagtailimages.rendition",
    "pk": 55
},
{
    "fields": {
        "image": 140,
        "focal_point_key": "",
        "filter": 1,
        "width": 165,
        "file": "images/VP_2015_09_41.max-165x165_b4UuvRj.jpg",
        "height": 92
    },
    "model": "wagtailimages.rendition",
    "pk": 56
},
{
    "fields": {
        "image": 139,
        "focal_point_key": "",
        "filter": 1,
        "width": 165,
        "file": "images/VP_2015_09_40.max-165x165.jpg",
        "height": 92
    },
    "model": "wagtailimages.rendition",
    "pk": 57
},
{
    "fields": {
        "image": 138,
        "focal_point_key": "",
        "filter": 1,
        "width": 165,
        "file": "images/VP_2015_09_39.max-165x165.jpg",
        "height": 92
    },
    "model": "wagtailimages.rendition",
    "pk": 58
},
{
    "fields": {
        "image": 137,
        "focal_point_key": "",
        "filter": 1,
        "width": 165,
        "file": "images/VP_2015_09_38.max-165x165.jpg",
        "height": 92
    },
    "model": "wagtailimages.rendition",
    "pk": 59
},
{
    "fields": {
        "image": 136,
        "focal_point_key": "",
        "filter": 1,
        "width": 165,
        "file": "images/VP_2015_09_37.max-165x165.jpg",
        "height": 92
    },
    "model": "wagtailimages.rendition",
    "pk": 60
},
{
    "fields": {
        "image": 135,
        "focal_point_key": "",
        "filter": 1,
        "width": 165,
        "file": "images/VP_2015_09_36.max-165x165.jpg",
        "height": 92
    },
    "model": "wagtailimages.rendition",
    "pk": 61
},
{
    "fields": {
        "image": 134,
        "focal_point_key": "",
        "filter": 1,
        "width": 92,
        "file": "images/VP_2015_09_35.max-165x165.jpg",
        "height": 165
    },
    "model": "wagtailimages.rendition",
    "pk": 62
},
{
    "fields": {
        "image": 133,
        "focal_point_key": "",
        "filter": 1,
        "width": 165,
        "file": "images/VP_2015_09_34.max-165x165.jpg",
        "height": 92
    },
    "model": "wagtailimages.rendition",
    "pk": 63
},
{
    "fields": {
        "image": 132,
        "focal_point_key": "",
        "filter": 1,
        "width": 92,
        "file": "images/VP_2015_09_33.max-165x165.jpg",
        "height": 165
    },
    "model": "wagtailimages.rendition",
    "pk": 64
},
{
    "fields": {
        "image": 131,
        "focal_point_key": "",
        "filter": 1,
        "width": 92,
        "file": "images/VP_2015_09_32.max-165x165.jpg",
        "height": 165
    },
    "model": "wagtailimages.rendition",
    "pk": 65
},
{
    "fields": {
        "image": 130,
        "focal_point_key": "",
        "filter": 1,
        "width": 165,
        "file": "images/VP_2015_09_31.max-165x165.jpg",
        "height": 92
    },
    "model": "wagtailimages.rendition",
    "pk": 66
},
{
    "fields": {
        "image": 129,
        "focal_point_key": "",
        "filter": 1,
        "width": 92,
        "file": "images/VP_2015_09_30.max-165x165.jpg",
        "height": 165
    },
    "model": "wagtailimages.rendition",
    "pk": 67
},
{
    "fields": {
        "image": 128,
        "focal_point_key": "",
        "filter": 1,
        "width": 92,
        "file": "images/VP_2015_09_29.max-165x165.jpg",
        "height": 165
    },
    "model": "wagtailimages.rendition",
    "pk": 68
},
{
    "fields": {
        "image": 127,
        "focal_point_key": "",
        "filter": 1,
        "width": 92,
        "file": "images/VP_2015_09_28.max-165x165.jpg",
        "height": 165
    },
    "model": "wagtailimages.rendition",
    "pk": 69
},
{
    "fields": {
        "image": 126,
        "focal_point_key": "",
        "filter": 1,
        "width": 92,
        "file": "images/VP_2015_09_27.max-165x165.jpg",
        "height": 165
    },
    "model": "wagtailimages.rendition",
    "pk": 70
},
{
    "fields": {
        "image": 125,
        "focal_point_key": "",
        "filter": 1,
        "width": 165,
        "file": "images/VP_2015_09_26.max-165x165.jpg",
        "height": 92
    },
    "model": "wagtailimages.rendition",
    "pk": 71
},
{
    "fields": {
        "image": 124,
        "focal_point_key": "",
        "filter": 1,
        "width": 165,
        "file": "images/VP_2015_09_25.max-165x165.jpg",
        "height": 92
    },
    "model": "wagtailimages.rendition",
    "pk": 72
},
{
    "fields": {
        "image": 123,
        "focal_point_key": "",
        "filter": 1,
        "width": 165,
        "file": "images/VP_2015_09_24.max-165x165.jpg",
        "height": 92
    },
    "model": "wagtailimages.rendition",
    "pk": 73
},
{
    "fields": {
        "image": 122,
        "focal_point_key": "",
        "filter": 1,
        "width": 92,
        "file": "images/VP_2015_09_23.max-165x165.jpg",
        "height": 165
    },
    "model": "wagtailimages.rendition",
    "pk": 74
},
{
    "fields": {
        "image": 121,
        "focal_point_key": "",
        "filter": 1,
        "width": 165,
        "file": "images/VP_2015_09_22.max-165x165.jpg",
        "height": 92
    },
    "model": "wagtailimages.rendition",
    "pk": 75
},
{
    "fields": {
        "image": 120,
        "focal_point_key": "",
        "filter": 1,
        "width": 165,
        "file": "images/VP_2015_09_21.max-165x165.jpg",
        "height": 92
    },
    "model": "wagtailimages.rendition",
    "pk": 76
},
{
    "fields": {
        "image": 119,
        "focal_point_key": "",
        "filter": 1,
        "width": 165,
        "file": "images/VP_2015_09_20.max-165x165.jpg",
        "height": 92
    },
    "model": "wagtailimages.rendition",
    "pk": 77
},
{
    "fields": {
        "image": 118,
        "focal_point_key": "",
        "filter": 1,
        "width": 92,
        "file": "images/VP_2015_09_19.max-165x165.jpg",
        "height": 165
    },
    "model": "wagtailimages.rendition",
    "pk": 78
},
{
    "fields": {
        "image": 117,
        "focal_point_key": "",
        "filter": 1,
        "width": 165,
        "file": "images/VP_2015_09_18.max-165x165.jpg",
        "height": 92
    },
    "model": "wagtailimages.rendition",
    "pk": 79
},
{
    "fields": {
        "image": 116,
        "focal_point_key": "",
        "filter": 1,
        "width": 92,
        "file": "images/VP_2015_09_17.max-165x165.jpg",
        "height": 165
    },
    "model": "wagtailimages.rendition",
    "pk": 80
},
{
    "fields": {
        "image": 115,
        "focal_point_key": "",
        "filter": 1,
        "width": 92,
        "file": "images/VP_2015_09_16.max-165x165.jpg",
        "height": 165
    },
    "model": "wagtailimages.rendition",
    "pk": 81
},
{
    "fields": {
        "image": 114,
        "focal_point_key": "",
        "filter": 1,
        "width": 92,
        "file": "images/VP_2015_09_15.max-165x165.jpg",
        "height": 165
    },
    "model": "wagtailimages.rendition",
    "pk": 82
},
{
    "fields": {
        "image": 113,
        "focal_point_key": "",
        "filter": 1,
        "width": 165,
        "file": "images/VP_2015_09_14.max-165x165.jpg",
        "height": 92
    },
    "model": "wagtailimages.rendition",
    "pk": 83
},
{
    "fields": {
        "image": 112,
        "focal_point_key": "",
        "filter": 1,
        "width": 92,
        "file": "images/VP_2015_09_13.max-165x165.jpg",
        "height": 165
    },
    "model": "wagtailimages.rendition",
    "pk": 84
},
{
    "fields": {
        "image": 111,
        "focal_point_key": "",
        "filter": 1,
        "width": 92,
        "file": "images/VP_2015_09_12.max-165x165.jpg",
        "height": 165
    },
    "model": "wagtailimages.rendition",
    "pk": 85
},
{
    "fields": {
        "image": 110,
        "focal_point_key": "",
        "filter": 1,
        "width": 92,
        "file": "images/VP_2015_09_11.max-165x165.jpg",
        "height": 165
    },
    "model": "wagtailimages.rendition",
    "pk": 86
},
{
    "fields": {
        "image": 109,
        "focal_point_key": "",
        "filter": 1,
        "width": 92,
        "file": "images/VP_2015_09_10.max-165x165.jpg",
        "height": 165
    },
    "model": "wagtailimages.rendition",
    "pk": 87
},
{
    "fields": {
        "image": 108,
        "focal_point_key": "",
        "filter": 1,
        "width": 165,
        "file": "images/VP_2015_09_9.max-165x165.jpg",
        "height": 92
    },
    "model": "wagtailimages.rendition",
    "pk": 88
},
{
    "fields": {
        "image": 107,
        "focal_point_key": "",
        "filter": 1,
        "width": 165,
        "file": "images/VP_2015_09_8.max-165x165.jpg",
        "height": 92
    },
    "model": "wagtailimages.rendition",
    "pk": 89
},
{
    "fields": {
        "image": 106,
        "focal_point_key": "",
        "filter": 1,
        "width": 92,
        "file": "images/VP_2015_09_7.max-165x165.jpg",
        "height": 165
    },
    "model": "wagtailimages.rendition",
    "pk": 90
},
{
    "fields": {
        "image": 105,
        "focal_point_key": "",
        "filter": 1,
        "width": 92,
        "file": "images/VP_2015_09_6.max-165x165.jpg",
        "height": 165
    },
    "model": "wagtailimages.rendition",
    "pk": 91
},
{
    "fields": {
        "image": 104,
        "focal_point_key": "",
        "filter": 1,
        "width": 165,
        "file": "images/VP_2015_09_5.max-165x165.jpg",
        "height": 92
    },
    "model": "wagtailimages.rendition",
    "pk": 92
},
{
    "fields": {
        "image": 103,
        "focal_point_key": "",
        "filter": 1,
        "width": 165,
        "file": "images/VP_2015_09_4.max-165x165.jpg",
        "height": 92
    },
    "model": "wagtailimages.rendition",
    "pk": 93
},
{
    "fields": {
        "image": 102,
        "focal_point_key": "",
        "filter": 1,
        "width": 165,
        "file": "images/VP_2015_09_3.max-165x165.jpg",
        "height": 92
    },
    "model": "wagtailimages.rendition",
    "pk": 94
},
{
    "fields": {
        "image": 101,
        "focal_point_key": "",
        "filter": 1,
        "width": 165,
        "file": "images/VP_2015_09_2.max-165x165.jpg",
        "height": 92
    },
    "model": "wagtailimages.rendition",
    "pk": 95
},
{
    "fields": {
        "image": 100,
        "focal_point_key": "",
        "filter": 1,
        "width": 165,
        "file": "images/VP_2015_09_1.max-165x165.jpg",
        "height": 92
    },
    "model": "wagtailimages.rendition",
    "pk": 96
},
{
    "fields": {
        "image": 99,
        "focal_point_key": "",
        "filter": 1,
        "width": 165,
        "file": "images/VP_2015_08_48.max-165x165.jpg",
        "height": 109
    },
    "model": "wagtailimages.rendition",
    "pk": 97
},
{
    "fields": {
        "image": 98,
        "focal_point_key": "",
        "filter": 1,
        "width": 165,
        "file": "images/VP_2015_08_47.max-165x165.jpg",
        "height": 109
    },
    "model": "wagtailimages.rendition",
    "pk": 98
},
{
    "fields": {
        "image": 97,
        "focal_point_key": "",
        "filter": 1,
        "width": 165,
        "file": "images/VP_2015_08_46.max-165x165.jpg",
        "height": 109
    },
    "model": "wagtailimages.rendition",
    "pk": 99
},
{
    "fields": {
        "image": 96,
        "focal_point_key": "",
        "filter": 1,
        "width": 165,
        "file": "images/VP_2015_08_45.max-165x165.jpg",
        "height": 109
    },
    "model": "wagtailimages.rendition",
    "pk": 100
},
{
    "fields": {
        "image": 95,
        "focal_point_key": "",
        "filter": 1,
        "width": 165,
        "file": "images/VP_2015_08_44.max-165x165.jpg",
        "height": 109
    },
    "model": "wagtailimages.rendition",
    "pk": 101
},
{
    "fields": {
        "image": 94,
        "focal_point_key": "",
        "filter": 1,
        "width": 165,
        "file": "images/VP_2015_08_43.max-165x165.jpg",
        "height": 109
    },
    "model": "wagtailimages.rendition",
    "pk": 102
},
{
    "fields": {
        "image": 93,
        "focal_point_key": "",
        "filter": 1,
        "width": 165,
        "file": "images/VP_2015_08_42.max-165x165.jpg",
        "height": 105
    },
    "model": "wagtailimages.rendition",
    "pk": 103
},
{
    "fields": {
        "image": 92,
        "focal_point_key": "",
        "filter": 1,
        "width": 165,
        "file": "images/VP_2015_08_41.max-165x165.jpg",
        "height": 109
    },
    "model": "wagtailimages.rendition",
    "pk": 104
},
{
    "fields": {
        "image": 101,
        "focal_point_key": "",
        "filter": 2,
        "width": 130,
        "file": "images/VP_2015_09_2.max-130x100.jpg",
        "height": 73
    },
    "model": "wagtailimages.rendition",
    "pk": 105
},
{
    "fields": {
        "image": 91,
        "focal_point_key": "",
        "filter": 1,
        "width": 109,
        "file": "images/VP_2015_08_40.max-165x165.jpg",
        "height": 165
    },
    "model": "wagtailimages.rendition",
    "pk": 106
},
{
    "fields": {
        "image": 90,
        "focal_point_key": "",
        "filter": 1,
        "width": 165,
        "file": "images/VP_2015_08_39.max-165x165.jpg",
        "height": 109
    },
    "model": "wagtailimages.rendition",
    "pk": 107
},
{
    "fields": {
        "image": 89,
        "focal_point_key": "",
        "filter": 1,
        "width": 165,
        "file": "images/VP_2015_08_38.max-165x165.jpg",
        "height": 109
    },
    "model": "wagtailimages.rendition",
    "pk": 108
},
{
    "fields": {
        "image": 88,
        "focal_point_key": "",
        "filter": 1,
        "width": 165,
        "file": "images/VP_2015_08_37.max-165x165.jpg",
        "height": 109
    },
    "model": "wagtailimages.rendition",
    "pk": 109
},
{
    "fields": {
        "image": 87,
        "focal_point_key": "",
        "filter": 1,
        "width": 109,
        "file": "images/VP_2015_08_36.max-165x165.jpg",
        "height": 165
    },
    "model": "wagtailimages.rendition",
    "pk": 110
},
{
    "fields": {
        "image": 86,
        "focal_point_key": "",
        "filter": 1,
        "width": 109,
        "file": "images/VP_2015_08_35.max-165x165.jpg",
        "height": 165
    },
    "model": "wagtailimages.rendition",
    "pk": 111
},
{
    "fields": {
        "image": 85,
        "focal_point_key": "",
        "filter": 1,
        "width": 165,
        "file": "images/VP_2015_08_34.max-165x165.jpg",
        "height": 109
    },
    "model": "wagtailimages.rendition",
    "pk": 112
},
{
    "fields": {
        "image": 84,
        "focal_point_key": "",
        "filter": 1,
        "width": 165,
        "file": "images/VP_2015_08_33.max-165x165.jpg",
        "height": 109
    },
    "model": "wagtailimages.rendition",
    "pk": 113
},
{
    "fields": {
        "image": 83,
        "focal_point_key": "",
        "filter": 1,
        "width": 165,
        "file": "images/VP_2015_08_32.max-165x165.jpg",
        "height": 109
    },
    "model": "wagtailimages.rendition",
    "pk": 114
},
{
    "fields": {
        "image": 82,
        "focal_point_key": "",
        "filter": 1,
        "width": 165,
        "file": "images/VP_2015_08_31.max-165x165.jpg",
        "height": 109
    },
    "model": "wagtailimages.rendition",
    "pk": 115
},
{
    "fields": {
        "image": 81,
        "focal_point_key": "",
        "filter": 1,
        "width": 165,
        "file": "images/VP_2015_08_30.max-165x165.jpg",
        "height": 109
    },
    "model": "wagtailimages.rendition",
    "pk": 116
},
{
    "fields": {
        "image": 80,
        "focal_point_key": "",
        "filter": 1,
        "width": 109,
        "file": "images/VP_2015_08_29.max-165x165_fo6AWlq.jpg",
        "height": 165
    },
    "model": "wagtailimages.rendition",
    "pk": 117
},
{
    "fields": {
        "image": 79,
        "focal_point_key": "",
        "filter": 1,
        "width": 109,
        "file": "images/VP_2015_08_28.max-165x165_HqC0IMc.jpg",
        "height": 165
    },
    "model": "wagtailimages.rendition",
    "pk": 118
},
{
    "fields": {
        "image": 78,
        "focal_point_key": "",
        "filter": 1,
        "width": 165,
        "file": "images/VP_2015_08_27.max-165x165.jpg",
        "height": 109
    },
    "model": "wagtailimages.rendition",
    "pk": 119
},
{
    "fields": {
        "image": 77,
        "focal_point_key": "",
        "filter": 1,
        "width": 165,
        "file": "images/VP_2015_08_26.max-165x165_l5Xdjeu.jpg",
        "height": 107
    },
    "model": "wagtailimages.rendition",
    "pk": 120
},
{
    "fields": {
        "image": 76,
        "focal_point_key": "",
        "filter": 1,
        "width": 109,
        "file": "images/VP_2015_08_25.max-165x165.jpg",
        "height": 165
    },
    "model": "wagtailimages.rendition",
    "pk": 121
},
{
    "fields": {
        "image": 75,
        "focal_point_key": "",
        "filter": 1,
        "width": 165,
        "file": "images/VP_2015_08_24.max-165x165.jpg",
        "height": 109
    },
    "model": "wagtailimages.rendition",
    "pk": 122
},
{
    "fields": {
        "image": 74,
        "focal_point_key": "",
        "filter": 1,
        "width": 165,
        "file": "images/VP_2015_08_23.max-165x165.jpg",
        "height": 109
    },
    "model": "wagtailimages.rendition",
    "pk": 123
},
{
    "fields": {
        "image": 73,
        "focal_point_key": "",
        "filter": 1,
        "width": 165,
        "file": "images/VP_2015_08_22.max-165x165.jpg",
        "height": 109
    },
    "model": "wagtailimages.rendition",
    "pk": 124
},
{
    "fields": {
        "image": 72,
        "focal_point_key": "",
        "filter": 1,
        "width": 165,
        "file": "images/VP_2015_08_21.max-165x165.jpg",
        "height": 109
    },
    "model": "wagtailimages.rendition",
    "pk": 125
},
{
    "fields": {
        "image": 71,
        "focal_point_key": "",
        "filter": 1,
        "width": 165,
        "file": "images/VP_2015_08_20.max-165x165.jpg",
        "height": 109
    },
    "model": "wagtailimages.rendition",
    "pk": 126
},
{
    "fields": {
        "image": 70,
        "focal_point_key": "",
        "filter": 1,
        "width": 165,
        "file": "images/VP_2015_08_19.max-165x165.jpg",
        "height": 109
    },
    "model": "wagtailimages.rendition",
    "pk": 127
},
{
    "fields": {
        "image": 69,
        "focal_point_key": "",
        "filter": 1,
        "width": 165,
        "file": "images/VP_2015_08_18.max-165x165.jpg",
        "height": 109
    },
    "model": "wagtailimages.rendition",
    "pk": 128
},
{
    "fields": {
        "image": 68,
        "focal_point_key": "",
        "filter": 1,
        "width": 109,
        "file": "images/VP_2015_08_17.max-165x165.jpg",
        "height": 165
    },
    "model": "wagtailimages.rendition",
    "pk": 129
},
{
    "fields": {
        "image": 67,
        "focal_point_key": "",
        "filter": 1,
        "width": 165,
        "file": "images/VP_2015_08_16.max-165x165.jpg",
        "height": 109
    },
    "model": "wagtailimages.rendition",
    "pk": 130
},
{
    "fields": {
        "image": 66,
        "focal_point_key": "",
        "filter": 1,
        "width": 165,
        "file": "images/VP_2015_08_15.max-165x165.jpg",
        "height": 109
    },
    "model": "wagtailimages.rendition",
    "pk": 131
},
{
    "fields": {
        "image": 65,
        "focal_point_key": "",
        "filter": 1,
        "width": 165,
        "file": "images/VP_2015_08_14.max-165x165.jpg",
        "height": 109
    },
    "model": "wagtailimages.rendition",
    "pk": 132
},
{
    "fields": {
        "image": 64,
        "focal_point_key": "",
        "filter": 1,
        "width": 165,
        "file": "images/VP_2015_08_13.max-165x165.jpg",
        "height": 109
    },
    "model": "wagtailimages.rendition",
    "pk": 133
},
{
    "fields": {
        "image": 63,
        "focal_point_key": "",
        "filter": 1,
        "width": 165,
        "file": "images/VP_2015_08_12.max-165x165.jpg",
        "height": 106
    },
    "model": "wagtailimages.rendition",
    "pk": 134
},
{
    "fields": {
        "image": 62,
        "focal_point_key": "",
        "filter": 1,
        "width": 165,
        "file": "images/VP_2015_08_11.max-165x165.jpg",
        "height": 109
    },
    "model": "wagtailimages.rendition",
    "pk": 135
},
{
    "fields": {
        "image": 61,
        "focal_point_key": "",
        "filter": 1,
        "width": 165,
        "file": "images/VP_2015_08_10.max-165x165.jpg",
        "height": 109
    },
    "model": "wagtailimages.rendition",
    "pk": 136
},
{
    "fields": {
        "image": 60,
        "focal_point_key": "",
        "filter": 1,
        "width": 165,
        "file": "images/VP_2015_08_9.max-165x165.jpg",
        "height": 109
    },
    "model": "wagtailimages.rendition",
    "pk": 137
},
{
    "fields": {
        "image": 59,
        "focal_point_key": "",
        "filter": 1,
        "width": 109,
        "file": "images/VP_2015_08_8.max-165x165.jpg",
        "height": 165
    },
    "model": "wagtailimages.rendition",
    "pk": 138
},
{
    "fields": {
        "image": 58,
        "focal_point_key": "",
        "filter": 1,
        "width": 165,
        "file": "images/VP_2015_08_7.max-165x165.jpg",
        "height": 109
    },
    "model": "wagtailimages.rendition",
    "pk": 139
},
{
    "fields": {
        "image": 57,
        "focal_point_key": "",
        "filter": 1,
        "width": 165,
        "file": "images/VP_2015_08_6.max-165x165.jpg",
        "height": 98
    },
    "model": "wagtailimages.rendition",
    "pk": 140
},
{
    "fields": {
        "image": 56,
        "focal_point_key": "",
        "filter": 1,
        "width": 165,
        "file": "images/VP_2015_08_5.max-165x165.jpg",
        "height": 143
    },
    "model": "wagtailimages.rendition",
    "pk": 141
},
{
    "fields": {
        "image": 55,
        "focal_point_key": "",
        "filter": 1,
        "width": 165,
        "file": "images/VP_2015_08_4.max-165x165.jpg",
        "height": 109
    },
    "model": "wagtailimages.rendition",
    "pk": 142
},
{
    "fields": {
        "image": 54,
        "focal_point_key": "",
        "filter": 1,
        "width": 165,
        "file": "images/VP_2015_08_3.max-165x165.jpg",
        "height": 109
    },
    "model": "wagtailimages.rendition",
    "pk": 143
},
{
    "fields": {
        "image": 53,
        "focal_point_key": "",
        "filter": 1,
        "width": 165,
        "file": "images/VP_2015_08_2.max-165x165.jpg",
        "height": 109
    },
    "model": "wagtailimages.rendition",
    "pk": 144
},
{
    "fields": {
        "image": 52,
        "focal_point_key": "",
        "filter": 1,
        "width": 165,
        "file": "images/VP_2015_08_1.max-165x165_y56ao5V.jpg",
        "height": 109
    },
    "model": "wagtailimages.rendition",
    "pk": 145
},
{
    "fields": {
        "image": 51,
        "focal_point_key": "",
        "filter": 1,
        "width": 165,
        "file": "images/VP_2015_07_51.max-165x165.jpg",
        "height": 104
    },
    "model": "wagtailimages.rendition",
    "pk": 146
},
{
    "fields": {
        "image": 50,
        "focal_point_key": "",
        "filter": 1,
        "width": 165,
        "file": "images/VP_2015_07_50.max-165x165.jpg",
        "height": 123
    },
    "model": "wagtailimages.rendition",
    "pk": 147
},
{
    "fields": {
        "image": 49,
        "focal_point_key": "",
        "filter": 1,
        "width": 165,
        "file": "images/VP_2015_07_49.max-165x165.jpg",
        "height": 102
    },
    "model": "wagtailimages.rendition",
    "pk": 148
},
{
    "fields": {
        "image": 48,
        "focal_point_key": "",
        "filter": 1,
        "width": 165,
        "file": "images/VP_2015_07_48.max-165x165.jpg",
        "height": 109
    },
    "model": "wagtailimages.rendition",
    "pk": 149
},
{
    "fields": {
        "image": 47,
        "focal_point_key": "",
        "filter": 1,
        "width": 123,
        "file": "images/VP_2015_07_47.max-165x165.jpg",
        "height": 165
    },
    "model": "wagtailimages.rendition",
    "pk": 150
},
{
    "fields": {
        "image": 46,
        "focal_point_key": "",
        "filter": 1,
        "width": 165,
        "file": "images/VP_2015_07_46.max-165x165.jpg",
        "height": 123
    },
    "model": "wagtailimages.rendition",
    "pk": 151
},
{
    "fields": {
        "image": 45,
        "focal_point_key": "",
        "filter": 1,
        "width": 165,
        "file": "images/VP_2015_07_45.max-165x165.jpg",
        "height": 123
    },
    "model": "wagtailimages.rendition",
    "pk": 152
},
{
    "fields": {
        "image": 44,
        "focal_point_key": "",
        "filter": 1,
        "width": 123,
        "file": "images/VP_2015_07_44.max-165x165.jpg",
        "height": 165
    },
    "model": "wagtailimages.rendition",
    "pk": 153
},
{
    "fields": {
        "image": 43,
        "focal_point_key": "",
        "filter": 1,
        "width": 123,
        "file": "images/VP_2015_07_43.max-165x165.jpg",
        "height": 165
    },
    "model": "wagtailimages.rendition",
    "pk": 154
},
{
    "fields": {
        "image": 42,
        "focal_point_key": "",
        "filter": 1,
        "width": 123,
        "file": "images/VP_2015_07_42.max-165x165.jpg",
        "height": 165
    },
    "model": "wagtailimages.rendition",
    "pk": 155
},
{
    "fields": {
        "image": 41,
        "focal_point_key": "",
        "filter": 1,
        "width": 123,
        "file": "images/VP_2015_07_41.max-165x165.jpg",
        "height": 165
    },
    "model": "wagtailimages.rendition",
    "pk": 156
},
{
    "fields": {
        "image": 40,
        "focal_point_key": "",
        "filter": 1,
        "width": 123,
        "file": "images/VP_2015_07_40.max-165x165.jpg",
        "height": 165
    },
    "model": "wagtailimages.rendition",
    "pk": 157
},
{
    "fields": {
        "image": 39,
        "focal_point_key": "",
        "filter": 1,
        "width": 165,
        "file": "images/VP_2015_07_39.max-165x165.jpg",
        "height": 123
    },
    "model": "wagtailimages.rendition",
    "pk": 158
},
{
    "fields": {
        "image": 38,
        "focal_point_key": "",
        "filter": 1,
        "width": 165,
        "file": "images/VP_2015_07_38.max-165x165.jpg",
        "height": 123
    },
    "model": "wagtailimages.rendition",
    "pk": 159
},
{
    "fields": {
        "image": 37,
        "focal_point_key": "",
        "filter": 1,
        "width": 165,
        "file": "images/VP_2015_07_37.max-165x165.jpg",
        "height": 123
    },
    "model": "wagtailimages.rendition",
    "pk": 160
},
{
    "fields": {
        "image": 36,
        "focal_point_key": "",
        "filter": 1,
        "width": 165,
        "file": "images/VP_2015_07_36.max-165x165.jpg",
        "height": 123
    },
    "model": "wagtailimages.rendition",
    "pk": 161
},
{
    "fields": {
        "image": 35,
        "focal_point_key": "",
        "filter": 1,
        "width": 165,
        "file": "images/VP_2015_07_35.max-165x165.jpg",
        "height": 123
    },
    "model": "wagtailimages.rendition",
    "pk": 162
},
{
    "fields": {
        "image": 34,
        "focal_point_key": "",
        "filter": 1,
        "width": 123,
        "file": "images/VP_2015_07_34.max-165x165.jpg",
        "height": 165
    },
    "model": "wagtailimages.rendition",
    "pk": 163
},
{
    "fields": {
        "image": 33,
        "focal_point_key": "",
        "filter": 1,
        "width": 123,
        "file": "images/VP_2015_07_33.max-165x165.jpg",
        "height": 165
    },
    "model": "wagtailimages.rendition",
    "pk": 164
},
{
    "fields": {
        "image": 32,
        "focal_point_key": "",
        "filter": 1,
        "width": 165,
        "file": "images/VP_2015_07_32.max-165x165.jpg",
        "height": 123
    },
    "model": "wagtailimages.rendition",
    "pk": 165
},
{
    "fields": {
        "image": 31,
        "focal_point_key": "",
        "filter": 1,
        "width": 165,
        "file": "images/VP_2015_07_31.max-165x165.jpg",
        "height": 123
    },
    "model": "wagtailimages.rendition",
    "pk": 166
},
{
    "fields": {
        "image": 30,
        "focal_point_key": "",
        "filter": 1,
        "width": 123,
        "file": "images/VP_2015_07_30.max-165x165.jpg",
        "height": 165
    },
    "model": "wagtailimages.rendition",
    "pk": 167
},
{
    "fields": {
        "image": 29,
        "focal_point_key": "",
        "filter": 1,
        "width": 123,
        "file": "images/VP_2015_07_29.max-165x165.jpg",
        "height": 165
    },
    "model": "wagtailimages.rendition",
    "pk": 168
},
{
    "fields": {
        "image": 28,
        "focal_point_key": "",
        "filter": 1,
        "width": 165,
        "file": "images/VP_2015_07_28.max-165x165.jpg",
        "height": 165
    },
    "model": "wagtailimages.rendition",
    "pk": 169
},
{
    "fields": {
        "image": 27,
        "focal_point_key": "",
        "filter": 1,
        "width": 165,
        "file": "images/VP_2015_07_27.max-165x165.jpg",
        "height": 119
    },
    "model": "wagtailimages.rendition",
    "pk": 170
},
{
    "fields": {
        "image": 26,
        "focal_point_key": "",
        "filter": 1,
        "width": 165,
        "file": "images/VP_2015_07_26.max-165x165.jpg",
        "height": 124
    },
    "model": "wagtailimages.rendition",
    "pk": 171
},
{
    "fields": {
        "image": 25,
        "focal_point_key": "",
        "filter": 1,
        "width": 129,
        "file": "images/VP_2015_07_25.max-165x165.jpg",
        "height": 165
    },
    "model": "wagtailimages.rendition",
    "pk": 172
},
{
    "fields": {
        "image": 24,
        "focal_point_key": "",
        "filter": 1,
        "width": 165,
        "file": "images/VP_2015_07_24.max-165x165.jpg",
        "height": 123
    },
    "model": "wagtailimages.rendition",
    "pk": 173
},
{
    "fields": {
        "image": 23,
        "focal_point_key": "",
        "filter": 1,
        "width": 104,
        "file": "images/VP_2015_07_23.max-165x165.jpg",
        "height": 165
    },
    "model": "wagtailimages.rendition",
    "pk": 174
},
{
    "fields": {
        "image": 22,
        "focal_point_key": "",
        "filter": 1,
        "width": 165,
        "file": "images/VP_2015_07_22.max-165x165.jpg",
        "height": 109
    },
    "model": "wagtailimages.rendition",
    "pk": 175
},
{
    "fields": {
        "image": 21,
        "focal_point_key": "",
        "filter": 1,
        "width": 165,
        "file": "images/VP_2015_07_21.max-165x165.jpg",
        "height": 109
    },
    "model": "wagtailimages.rendition",
    "pk": 176
},
{
    "fields": {
        "image": 20,
        "focal_point_key": "",
        "filter": 1,
        "width": 165,
        "file": "images/VP_2015_07_20.max-165x165.jpg",
        "height": 109
    },
    "model": "wagtailimages.rendition",
    "pk": 177
},
{
    "fields": {
        "image": 19,
        "focal_point_key": "",
        "filter": 1,
        "width": 165,
        "file": "images/VP_2015_07_19.max-165x165.jpg",
        "height": 109
    },
    "model": "wagtailimages.rendition",
    "pk": 178
},
{
    "fields": {
        "image": 18,
        "focal_point_key": "",
        "filter": 1,
        "width": 165,
        "file": "images/VP_2015_07_18.max-165x165.jpg",
        "height": 106
    },
    "model": "wagtailimages.rendition",
    "pk": 179
},
{
    "fields": {
        "image": 17,
        "focal_point_key": "",
        "filter": 1,
        "width": 165,
        "file": "images/VP_2015_07_17.max-165x165.jpg",
        "height": 106
    },
    "model": "wagtailimages.rendition",
    "pk": 180
},
{
    "fields": {
        "image": 16,
        "focal_point_key": "",
        "filter": 1,
        "width": 165,
        "file": "images/VP_2015_07_16.max-165x165.jpg",
        "height": 109
    },
    "model": "wagtailimages.rendition",
    "pk": 181
},
{
    "fields": {
        "image": 15,
        "focal_point_key": "",
        "filter": 1,
        "width": 165,
        "file": "images/VP_2015_07_15.max-165x165.jpg",
        "height": 109
    },
    "model": "wagtailimages.rendition",
    "pk": 182
},
{
    "fields": {
        "image": 14,
        "focal_point_key": "",
        "filter": 1,
        "width": 165,
        "file": "images/VP_2015_07_14.max-165x165.jpg",
        "height": 109
    },
    "model": "wagtailimages.rendition",
    "pk": 183
},
{
    "fields": {
        "image": 13,
        "focal_point_key": "",
        "filter": 1,
        "width": 165,
        "file": "images/VP_2015_07_13.max-165x165.jpg",
        "height": 109
    },
    "model": "wagtailimages.rendition",
    "pk": 184
},
{
    "fields": {
        "image": 12,
        "focal_point_key": "",
        "filter": 1,
        "width": 165,
        "file": "images/VP_2015_07_12.max-165x165.jpg",
        "height": 109
    },
    "model": "wagtailimages.rendition",
    "pk": 185
},
{
    "fields": {
        "image": 11,
        "focal_point_key": "",
        "filter": 1,
        "width": 165,
        "file": "images/VP_2015_07_11.max-165x165.jpg",
        "height": 109
    },
    "model": "wagtailimages.rendition",
    "pk": 186
},
{
    "fields": {
        "image": 10,
        "focal_point_key": "",
        "filter": 1,
        "width": 165,
        "file": "images/VP_2015_07_10.max-165x165.jpg",
        "height": 109
    },
    "model": "wagtailimages.rendition",
    "pk": 187
},
{
    "fields": {
        "image": 9,
        "focal_point_key": "",
        "filter": 1,
        "width": 165,
        "file": "images/VP_2015_07_9.max-165x165.jpg",
        "height": 109
    },
    "model": "wagtailimages.rendition",
    "pk": 188
},
{
    "fields": {
        "image": 8,
        "focal_point_key": "",
        "filter": 1,
        "width": 165,
        "file": "images/VP_2015_07_8.max-165x165_UTwyGFe.jpg",
        "height": 109
    },
    "model": "wagtailimages.rendition",
    "pk": 189
},
{
    "fields": {
        "image": 7,
        "focal_point_key": "",
        "filter": 1,
        "width": 165,
        "file": "images/VP_2015_07_7.max-165x165_BPbodDi.jpg",
        "height": 107
    },
    "model": "wagtailimages.rendition",
    "pk": 190
},
{
    "fields": {
        "image": 6,
        "focal_point_key": "",
        "filter": 1,
        "width": 165,
        "file": "images/VP_2015_07_6.max-165x165_996aWo9.jpg",
        "height": 107
    },
    "model": "wagtailimages.rendition",
    "pk": 191
},
{
    "fields": {
        "image": 5,
        "focal_point_key": "",
        "filter": 1,
        "width": 165,
        "file": "images/VP_2015_07_5.max-165x165_wC4kOv8.jpg",
        "height": 107
    },
    "model": "wagtailimages.rendition",
    "pk": 192
},
{
    "fields": {
        "image": 4,
        "focal_point_key": "",
        "filter": 1,
        "width": 165,
        "file": "images/VP_2015_07_4.max-165x165.jpg",
        "height": 109
    },
    "model": "wagtailimages.rendition",
    "pk": 193
},
{
    "fields": {
        "image": 19,
        "focal_point_key": "",
        "filter": 2,
        "width": 130,
        "file": "images/VP_2015_07_19.max-130x100.jpg",
        "height": 86
    },
    "model": "wagtailimages.rendition",
    "pk": 194
},
{
    "fields": {
        "image": 3,
        "focal_point_key": "",
        "filter": 1,
        "width": 165,
        "file": "images/VP_2015_07_3.max-165x165.jpg",
        "height": 108
    },
    "model": "wagtailimages.rendition",
    "pk": 195
},
{
    "fields": {
        "image": 2,
        "focal_point_key": "",
        "filter": 1,
        "width": 165,
        "file": "images/VP_2015_07_2.max-165x165.jpg",
        "height": 109
    },
    "model": "wagtailimages.rendition",
    "pk": 196
},
{
    "fields": {
        "image": 4,
        "focal_point_key": "",
        "filter": 2,
        "width": 130,
        "file": "images/VP_2015_07_4.max-130x100.jpg",
        "height": 86
    },
    "model": "wagtailimages.rendition",
    "pk": 197
},
{
    "fields": {
        "image": 1,
        "focal_point_key": "",
        "filter": 1,
        "width": 165,
        "file": "images/VP_2015_07_1.max-165x165_ugSYf9n.jpg",
        "height": 106
    },
    "model": "wagtailimages.rendition",
    "pk": 198
},
{
    "fields": {
        "image": 1,
        "focal_point_key": "",
        "filter": 2,
        "width": 130,
        "file": "images/VP_2015_07_1.max-130x100.jpg",
        "height": 83
    },
    "model": "wagtailimages.rendition",
    "pk": 199
},
{
    "fields": {
        "image": 100,
        "focal_point_key": "",
        "filter": 2,
        "width": 130,
        "file": "images/VP_2015_09_1.max-130x100.jpg",
        "height": 73
    },
    "model": "wagtailimages.rendition",
    "pk": 200
},
{
    "fields": {
        "image": 11,
        "focal_point_key": "",
        "filter": 2,
        "width": 130,
        "file": "images/VP_2015_07_11.max-130x100.jpg",
        "height": 86
    },
    "model": "wagtailimages.rendition",
    "pk": 201
},
{
    "fields": {
        "image": 101,
        "focal_point_key": "",
        "filter": 3,
        "width": 100,
        "file": "images/VP_2015_09_2.width-100.jpg",
        "height": 56
    },
    "model": "wagtailimages.rendition",
    "pk": 202
},
{
    "fields": {
        "image": 101,
        "focal_point_key": "",
        "filter": 4,
        "width": 1280,
        "file": "images/VP_2015_09_2.width-1280.jpg",
        "height": 719
    },
    "model": "wagtailimages.rendition",
    "pk": 203
},
{
    "fields": {
        "image": 19,
        "focal_point_key": "",
        "filter": 3,
        "width": 100,
        "file": "images/VP_2015_07_19.width-100.jpg",
        "height": 66
    },
    "model": "wagtailimages.rendition",
    "pk": 204
},
{
    "fields": {
        "image": 19,
        "focal_point_key": "",
        "filter": 4,
        "width": 1280,
        "file": "images/VP_2015_07_19.width-1280.jpg",
        "height": 850
    },
    "model": "wagtailimages.rendition",
    "pk": 205
},
{
    "fields": {
        "image": 4,
        "focal_point_key": "",
        "filter": 3,
        "width": 100,
        "file": "images/VP_2015_07_4.width-100.jpg",
        "height": 66
    },
    "model": "wagtailimages.rendition",
    "pk": 206
},
{
    "fields": {
        "image": 4,
        "focal_point_key": "",
        "filter": 4,
        "width": 1280,
        "file": "images/VP_2015_07_4.width-1280.jpg",
        "height": 850
    },
    "model": "wagtailimages.rendition",
    "pk": 207
},
{
    "fields": {
        "image": 1,
        "focal_point_key": "",
        "filter": 3,
        "width": 100,
        "file": "images/VP_2015_07_1.width-100.jpg",
        "height": 64
    },
    "model": "wagtailimages.rendition",
    "pk": 208
},
{
    "fields": {
        "image": 1,
        "focal_point_key": "",
        "filter": 4,
        "width": 1280,
        "file": "images/VP_2015_07_1.width-1280.jpg",
        "height": 825
    },
    "model": "wagtailimages.rendition",
    "pk": 209
},
{
    "fields": {
        "image": 100,
        "focal_point_key": "",
        "filter": 3,
        "width": 100,
        "file": "images/VP_2015_09_1.width-100.jpg",
        "height": 56
    },
    "model": "wagtailimages.rendition",
    "pk": 210
},
{
    "fields": {
        "image": 100,
        "focal_point_key": "",
        "filter": 4,
        "width": 1280,
        "file": "images/VP_2015_09_1.width-1280.jpg",
        "height": 719
    },
    "model": "wagtailimages.rendition",
    "pk": 211
},
{
    "fields": {
        "image": 11,
        "focal_point_key": "",
        "filter": 3,
        "width": 100,
        "file": "images/VP_2015_07_11.width-100.jpg",
        "height": 66
    },
    "model": "wagtailimages.rendition",
    "pk": 212
},
{
    "fields": {
        "image": 11,
        "focal_point_key": "",
        "filter": 4,
        "width": 1280,
        "file": "images/VP_2015_07_11.width-1280.jpg",
        "height": 850
    },
    "model": "wagtailimages.rendition",
    "pk": 213
},
{
    "fields": {
        "link_page": null,
        "image": 101,
        "link_external": "",
        "sort_order": 0,
        "link_document": null,
        "page": 3
    },
    "model": "core.homepagecarouselitem",
    "pk": 1
},
{
    "fields": {
        "link_page": null,
        "image": 19,
        "link_external": "",
        "sort_order": 1,
        "link_document": null,
        "page": 3
    },
    "model": "core.homepagecarouselitem",
    "pk": 2
},
{
    "fields": {
        "link_page": null,
        "image": 4,
        "link_external": "",
        "sort_order": 2,
        "link_document": null,
        "page": 3
    },
    "model": "core.homepagecarouselitem",
    "pk": 3
},
{
    "fields": {
        "link_page": null,
        "image": 1,
        "link_external": "",
        "sort_order": 3,
        "link_document": null,
        "page": 3
    },
    "model": "core.homepagecarouselitem",
    "pk": 4
},
{
    "fields": {
        "link_page": null,
        "image": 100,
        "link_external": "",
        "sort_order": 4,
        "link_document": null,
        "page": 3
    },
    "model": "core.homepagecarouselitem",
    "pk": 5
},
{
    "fields": {
        "link_page": null,
        "image": 11,
        "link_external": "",
        "sort_order": 5,
        "link_document": null,
        "page": 3
    },
    "model": "core.homepagecarouselitem",
    "pk": 6
},
{
    "fields": {
        "body": "",
        "streamfield": "[]"
    },
    "model": "core.homepage",
    "pk": 3
},
{
    "fields": {
        "feed_image": null,
        "title_font_color": "#000000",
        "intro": "",
        "title_image": null,
        "show_title": true
    },
    "model": "core.productindexpage",
    "pk": 5
},
{
    "fields": {
        "title_font_color": "#000000",
        "title_image": null,
        "intro": "",
        "show_title": true
    },
    "model": "core.workindexpage",
    "pk": 6
},
{
    "fields": {
        "telephone_2": "",
        "telephone_3": "",
        "fax": "",
        "telephone_1": "",
        "body": "",
        "title_font_color": "#000000",
        "show_title": true,
        "address": "",
        "title_image": null,
        "email": "",
        "feed_image": null
    },
    "model": "core.contactpage",
    "pk": 7
},
{
    "fields": {
        "title_font_color": "#000000",
        "intro": "",
        "title_image": null,
        "show_title": true
    },
    "model": "core.companyindexpage",
    "pk": 4
}
]
